Time,Event,Source
2021年,」老K去年和龍龍發生紛爭，爾後退出薩泰爾沉寂至今，他說：「確實事件過後有刻意停止一段時間的公開演出，倒不是因為掙扎或被打擊，而是不希望任何演出因為這件事被模糊焦點，所以才空白了一段時間。,2
2021年,」身為街舞團體H.R.C.創辦人的陳柏均去年獲得總統文化獎，也是將霹靂舞推向2024奧運的首位亞洲舞者，讓倪重華十分推崇。,2
2022年09月24日,音樂脫口秀」於24日在台北「Pipe Live Music」登場。,2
2022年09月25日,昨（19日）老K再次談起此事，則透露自己對這件事與地獄梗的看法。,3
2021年,2021震驚全網名人炎上事件Top 202021最炎上話題2021年將近尾聲，每年回顧一整年大事時，總是會發現名人出包一樁樁，誰曾經失言、誰曾經爆出醜聞、誰是真的能穩到最後？,4
2021年,而今年從年初的疫情爆發到年末的力宏事件，你是否每一波大瓜都即時跟上了呢？,4
2021年,今天《DailyView網路溫度計》透過《KEYPO大數據關鍵引擎》，回顧2021年「名人炎上」TOP20大事件，從演藝圈到政治界、YouTuber圈通通有，一起來看看吧！,4
2021年,2022-04-12 19:14 聯合報 記者陳慧貞／即時報導28歲脫口秀演員龍龍去年因自曝遭博恩班底老K影射舊情事，引發「龍K之亂」，過程中她被雞排妹公司切割，發影片淚訴也被指是「假哭」，引來網路輿論批評，事隔數月，近日她為舞台劇「仁愛路六號」宣傳，提及當時心情，坦言網友無差別攻擊，更出現「妓女」等辱罵難堪字眼，令她身心靈受重傷，不少朋友也為此擔心她想不開，紛紛傳幽默訊息安慰，讓她破涕為笑。,5
2022年09月5日,賀瓏5日下午於臉書發聲，表示近來受到許多關心，很多人希望他出來講點什麼，所以他整理後列出3點說明，只不過他並未回應「龍K紛爭」，而是幽默自介「賀瓏的「瓏」有玉字旁，瓏子的「瓏」也有玉字旁。,6
2022年09月9日,星聞 綜合報導網紅小玉（朱玉宸）製作換臉謎片販售遭逮，9日於新北法院再度開庭，小玉再度認罪致歉，辯護人則盼從輕量刑。,7
2022年09月10日,也是受害人之一的脫口秀演員龍龍10日透過IG Story表示「不會和解也不會接受道歉」。,7
2022年09月9日,龍龍9日未現身法庭,7
2022年09月10日,她10日曬出法院通知書,7
2022年09月9日,表示看到新聞才想起來9日是開庭的時間，不過她稱早已委託律師交辦了，「但我實在無心力再去承受一次又一次得回顧」，並強調不接受和解道歉。,7
2012年,◎ 么么來自台中的黃冠嘉（么么）2012年畢業於台灣藝術大學戲劇系，是卡米地喜劇俱樂部成員之一，常以男女觀念、日常趣事切入表演。,9
2018年,壯壯不僅在喜劇圈發展，還涉及電視劇演出，2018年參與電影《花甲大人轉男孩》，之後於Netflix《誰是被害者》和YouTube「心跳到不要不要の人生整理術」都能看到他的身影。,9
2008年,畢業於中國文化大學史學系，2008年出道，黄逸豪擅長貫口、歌唱等表演技藝，演出時一身長衫打扮，善於以邏輯性笑話，破解大眾常犯的迷思，引發全場笑聲。,9
2018年,2018年，36歲的黃逸豪以「萌萌起手式」的段子登上《博恩夜夜秀》，單日點擊超過2百萬。,9
2018年,2018年退役後，他在台北舉辦了三場《役了百了》的喜劇，好評不斷，投入喜劇圈事業的他,9
2021年,今年舉辦了個人脫口秀演出《黃豪平脫口秀：Ha Ha Land》。,9
2012年,2012年以喜劇角色出道，過去是漫才團體「魚蹦興業」的成員之一，經過七年的孤獨、掙扎和努力，曾經只有一個觀眾的他,9
2019年,2019年終於以「布丁飲食」嶄露頭角。,9
2021年10月3日,」而白冰冰3日晚間也在臉書發文，「忍讓不傻，是胸懷，忍讓是氣度；,10
2021年10月10日,今（10日）傳出好消息，原來博恩在社群平台分享當上新手爸爸，並透露小孩名字還沒想好，開放大家投稿。,11
2019年8月,博恩2019年8月結婚，曾在影片中曬出婚紗照，太太Mami臉蛋姣好，身穿下半身透視的蕾絲禮服小露美腿，雙方互動超甜蜜，只不過博恩事先完全沒說過老婆已懷孕,11
2021年10月10日,今10日無預警在社群平台宣布當爸，用幽默的口吻打趣表示：「千萬別相信單單一次精液分析的結果。,11
2020年,事實上，博恩去年曾在陶晶瑩的節目中透露絕對不生小孩，讓陶晶瑩忍不住開玩笑：「你套子戴幾層啊？,11
2021年,」這時博恩才鬆口自己的精子品質不優，「我的形狀良率好像很差，所以它們沒有辦法鑽進去卵子裡」所以對生小孩一事隨緣，笑說自己有了「無限開火權」，想不到今年就升格當爸爸。,11
2021年10月07日,藝人雞排妹昨（７日）開直播「屠龍」，除了表示與龍龍關係徹底決裂，更宣布公司即刻起解約，怒斥她利用公司善心達成目的，也讓整起事件大逆轉，對此，龍龍深夜在臉書發表「不自殺聲明」，希望所有人不用為她特別擔心。,12
2021年10月07日,隨後，龍龍也在臉書發文：「被切割ㄌ，但我沒有要自殺目前還活著，請大家放心，不好意思讓大家擔心捏」，接著更改粉絲專頁上的聯繫資訊，將原本經紀人康姐e-mail刪除，換成了自己的e-mail，接著在instagram曬岀慶生蛋糕的照片，再次強調：「我沒有要自殺，請大家不要擔心，附上我的生日蛋糕，昨天第三個許的願望是希望喜劇圈越來越好」。,12
2021年10月,脫口秀演員龍龍去年10月控訴遭薩泰爾娛樂《炎上》班底老K霸凌脫稿演出，嘲笑她與前男友賀瓏的關係，引起的「龍K之亂」當時造成軒然大波。,13
2021年,」龍龍去年控訴遭到《炎上》班底老K霸凌。,13
2022年09月26日,」如今他也有穩定發展的女友，但跟女友沒刻意聊過龍龍，賀瓏認為：「畢竟我跟她的事情已經相隔太久了。,13
2021年,脫口秀演員龍龍闖蕩喜劇圈多年，不過去年經歷與老K的「龍K風波」後形象大傷，引來不少網友攻擊、批評。,14
2022年09月26日,如今，她重新出發經常在社群平台上分享工作、生活日常，近日她在IG上透露自己收到私訊，問她是否有興趣接飯局，對此她曝光訊息內容及驚人價碼，開玩笑說：「事業第二春？,14
2021年,事實上，龍龍去年經歷風波後，雖心情大受影響神隱3個月，不過也因此知名度大開，近日除了演出全民大劇團《仁愛路六號》全新舞台劇外，同時也再度「滿血回歸」舉辦個人脫口秀，獲得粉絲們不少好評。,14
2022年09月25日,脫口秀小天后「龍龍」林千聿昨（6）日再度發出11分鐘聲明，落淚強調「我從頭到尾只是需要一個老K的道歉，真的有那麼難嗎？,15
2022年09月25日,龍龍昨晚發聲說明一系列爭議時再度落淚。,15
2022年09月25日,龍龍昨日再度落淚澄清近日關於和老K的爭議、長年被霸凌、有寫手、雙標女權等爭議。,15
2022年09月25日,而「雞排妹」鄭家純昨(7日)「屠龍」說出原因，才知龍龍曾被笑「兩人都很矮，做X像天線寶寶」，就有網友PO出天線寶寶身高資料，不禁嘆「天線寶寶被黑的好慘」。,16
2022年09月6日,（合成圖／翻攝自chienyu1006、hellohorlung IG）龍龍6日拍影片還原「炎上節目的溝通過程與霸凌始末」，表示一開始受邀演出前，就先跟薩泰爾說好，不要提前男友賀瓏，並出示雙方對話證明，誰料表演當天老K依舊脫稿演出，對此，博恩雖向她道歉，承諾會對老K做出懲處，取消老K這次的演出費用、停止他在薩泰爾的露出，但龍龍卻看到老K出現在新片中，甚至於老男孩直播繼續開她前段戀情的完笑；,16
2022年09月25日,而「雞排妹」鄭家純昨(7日)直播「屠龍」時，表示整個公司雖替龍龍抱不平，但大家也奇怪「為何龍龍對前男友這麼牴觸」，起初龍龍都聲稱「當時很開心美好，兩人也是和平分手」，但隨著風波愈演愈烈，賀瓏甚至因此成了「全台最紅前男友」，鄭家純覺得奇怪，既然沒有發生什麼事情，那龍龍為何反應要這麼大，此時龍龍才稱，因為曾被笑「你們兩個人都矮矮的，很像天線寶寶在做X」。,16
2022年09月2日,不料，龍龍前天（2日）公開一名髮型師網友的私訊內容，導致對方被粉絲出征，最後出面道歉，被不少人質疑「這個才是霸凌吧」？,18
2022年09月26日,龍龍公審網友的行為曝光後，在網路上引起熱議，有網友認為龍龍自己不想被別人霸凌，如今又霸凌別人，根本雙標，不過也有人覺得，網友自己不尊重在先，想私訊就應該承擔後果，龍龍也沒有指示粉絲前往霸凌，霸凌的是粉絲而不是龍龍。,18
2022年09月26日,針對整起事件，老K今（4日）深夜在臉書發文，表示雖然不是什麼咖，但也多少算半個公眾人物，隔空互罵也無所謂，他怒嗆龍龍：「但你去把網友私訊公開讓你的粉絲在那邊公審，去鬧到人家工作場合，啊不就很偉大，不就最不會霸凌，不就最會被霸凌，這還不是大欺小什麼是大欺小。,18
2021年10月,（翻攝自臉書）脫口秀演員龍龍去年10月控訴遭《炎上》班底老K霸凌，引爆「龍K之亂」鬧得滿城風雨。,19
2022年09月26日,如今過去7個月,19
2022年09月26日,身為龍龍前男友的賀瓏如今再次回想起，坦言一度相當自責，並為受波及的博恩等人抱不平，真心話全說了。,19
2022年09月26日,」如今事件過去7個月，賀瓏現在也有穩定交往的女友，被問到有沒有與女方聊過龍龍，賀瓏表示沒有刻意聊過，認為：「畢竟我跟她的事情已經相隔太久了。,19
2022年09月26日,對此，DJ歐馬克今（4日）也發文，直言不應該公開地攻擊任何人。,20
2022年09月2日,對此，博恩2日宣布老K將無限期留職停薪，而老K則是在聲明影片中表示不會道歉，更說龍龍是喜劇圈毒瘤，與她勢不兩立。,20
2022年09月26日,針對這起事件，歐馬克也做出評論，他今日在臉書發文：「無論你多確信你是正義的，你還是不應該公開地攻擊任何人。,20
2021年,喜劇演員龍龍在威爾史密斯氣到衝上台賞巴掌事件發生後，將自己去年發生的指控霸凌爭議拿出來吐槽，「當初應該衝上台揍一拳的，而不是躲起來哭，大家就會說『好帥！,21
2022年09月25日,」這番發文不只網友批評，許多喜劇圈演員亦跳出來嗆她，被炎上後，她昨晚在臉書發文指自己沒有要自比威爾史密斯，意思被曲解。,21
2021年9月,龍龍去年9月槓上「薩泰爾」班底老K，不滿對方在脫口秀上拿她和前男友賀瓏的往事開玩笑，認為自己遭到霸凌。,21
2021年,對於去年惹出的爭議，龍龍再次表示，「直接謾罵和侵犯隱私不是我認為喜劇的範圍，我不覺得喜劇演員或是公眾人物需要把所有的私事攤在陽光底下受人指指點點，這也是我感到受傷的部分，我的標準始終在這裡。,21
2021年,博恩與朋友共同創辦薩泰爾娛樂，去年推出喜劇節目《炎上BURN》，脫口秀形式吐槽，澎恰恰、徐乃麟、愛莉莎莎、熊熊等人都曾是座上賓，還鬧出龍龍和老K風暴，節目日前在OTT平台上架，沒想到竟出現一堆盜版，博恩現身台北地方檢察署提告。,22
2019年,邱毅2019年赴北檢提告，按錯鈴。,22
2016年,網友也紛紛貢獻「致敬一目了然」段子，包括韓國瑜2016年在北檢按鈴提告段宜康，為媒體拍照按錯鈴；,22
2019年,以及邱毅2019年在北檢按鈴提告柯文哲，為媒體拍照也按錯鈴。,22
2022年09月28日,記者徐郁雯／專訪喜劇演員賀瓏曾在脫口秀《博恩夜夜秀》擔任助理主持，憑藉天生幽默感及後天的鍛鍊，人氣扶搖直上，將在28日於TICC舉辦個人喜劇專場《妳好就好》，首度挑戰3000人舞台,23
2022年09月26日,如今晚場票券即將售罄，證明賀瓏不僅有才華，也有一群默默守護的死忠粉絲，等待他站上舞台發光發熱。,23
2021年,（薩泰爾提供）去年「龍K之亂」在喜劇圈掀起風暴，當時的薩泰爾班底老K調侃龍龍過去情事，讓身為龍龍前男友的賀瓏意外成為焦點。,23
2022年09月25日,對此，龍龍昨（6日）再次出面，表示想跟施暴者和解，從頭到尾要求不多，不過影片中卻沒談到自己公審髮型師的行為，遭到網友砲轟：「現在絕口不提，從未見過這麼沒品的人。,25
2022年09月25日,（翻攝自IG @chienyu1006）針對這起事件，龍龍昨日透過影片表示，這是一個職場霸凌的性羞辱事件，與女權無關，性羞辱是欺負、侮辱，不是笑話、也不好笑。,25
2022年09月26日,最後也說：「老K今天雖然沒有道歉，但不代表這整件事情沒有意義。,25
2022年09月26日,今（1日）「薩泰爾娛樂」在臉書宣布《炎上》謝和弦及愛莉莎莎場將延期至明年,26
2022年2月,2月，儘管對霸凌事件隻字未提，仍被網友灌爆留言直嗆：「現在輪到誰炎上啊？,26
2022年09月25日,（翻攝自薩泰爾娛樂 臉書）根據《ETtoday》昨（30日）報導，龍龍經紀人向「薩泰爾」反應該事件時，卻被反要求先去蓋公司章，否則就會收到律師寄存證信函。,26
2022年09月26日,而《炎上》謝和弦及愛莉莎莎場，先前已經因疫情數度延期，原訂於今、明天先後演出,26
2022年09月26日,今日卻再宣布延期至明年,26
2022年2月12,2月12,26
2022年09月13日,13日，原因為「原《炎上 愛莉莎莎》場次參與之火伴三原慧悟、聖結石因行程安排無法參與演出，歡迎新火伴酸酸、見習網美小吳、大蛇丸加入。,26
2022年08月27日,密爾瓦基釀酒人今（27日）派出Frddy Pr迎戰芝加哥小熊，繳出6局5K僅被敲出1支安打，沒有失分，無奈接手的牛棚丟掉領先分數，無緣勝投。,29
2022年08月27日,亞特蘭大勇士今（27日）推派Spcr Sridr面對聖路易紅雀，繳出6局7K僅失1分的優質先發，靠著隊友強大的火力支援順利奪下本季第8勝。,29
2022年08月25日, 中集集團在25日晚公告，雖然公司與馬士基均積極推動收購案，但基於經營者集中審查面臨巨大的不確定性，經綜合審慎評估後，決定終止此次交易。,29
2022年08月26日, 中集集團陸股26日股價全天處於跌幅區間，收盤跌1.41％報人民幣8.41元。,29
2022年08月26日,中集港股26日多處於跌幅區間，尾盤拉高轉漲，收漲1.14％報7.1港幣。,29
2022年08月25日, 美國監管機構的反對態度是此次收購案告吹的最大原因，美國司法部在美東時間25日透過聞稿表示，馬士基出售旗下MrsCoir Idusry（MCI），將使中集集團掌握全球90％冷藏貨櫃供應控制權，使全球保溫貨櫃和冷凍運輸貨櫃的供應商數目從四家變為兩家，不但讓該行業掌握在中國國企手中，也有壟斷嫌疑，恐讓食品與藥品運輸成本提升，將讓依賴全球冷凍供應鏈滿足日常需求的美國消費者很被動。,29
2021年9月, 中集集團與馬士基此前在去年9月底簽署協議，中集集團擬收購MCI,29
2022年08月27日,MCI包括丹麥馬士基工業公司及青島馬士基集裝箱工業有（中央社記者謝靜雯台北27日電）中華職棒味全龍,29
2022年08月27日,隊今天與中信兄弟交手，兄弟隊洋投德保拉8.1局失3分、優質先發，率隊以6比3拿勝，獲選單場最有價值球員（MVP）。,29
2022年08月27日,帶著6連勝氣勢的坦帕灣光芒今（27日）前往波士頓紅襪作客，光芒前3局打完取得4比1領先，孰料紅襪4下吹起反攻號角，連續4個半局進攻皆有所斬獲，反倒以9比4領先，雖然光芒在8上灌進4分，仍以1分差敗北，終場以8比9中斷連勝。,29
2022年08月26日, 臺北市警局中正第一分局昨晚特別針對KTV等容易發生槍擊或聚眾鬥毆的場所，進行全面性的臨檢，並加強宣導誤輕信國外打工詐騙，希望能在打擊不法、淨化治安之餘，也加強防制民眾遭詐騙淪為人口販運的受害者。,29
2022年08月27日, 詐騙案件層出不窮，詐騙集團詐騙的手法、標的也日月異，由早期騙取現金、黃金等實體財芝加哥小熊日籍球星鈴木誠也今（27日）面對密爾瓦基釀酒人，擔任先發4棒右外野手，3打數沒有敲安，僅靠1次保送上壘，打擊率跌至2成48。,29
2022年08月27日,休士頓太空人今（27日）在主場迎戰巴爾的摩金鶯，太空人此戰最引以為傲的打擊火力遭金鶯先發投手KyBrdish的封鎖，僅被敲出2支安打，送出6次三振，靠著RmóUrís的2分砲支援，終場以2比0完封太空人。,29
2022年08月27日,民進黨北市長參選人林佳龍今天(,29
2022年08月27日,27日)表示，社會住宅是社會良心，「侯市長你有良心嗎？,29
2022年08月27日, 關於板橋都更社宅可能會出售的傳聞，民進黨北市長參選人林佳龍27日在深坑受訪時表示，公辦都更分回的戶數應該做為社會住宅，竟然拿去當豪宅標售，市府官員還說要等年底點交再決定用途，這是公然說謊。,29
2022年08月27日,社會住宅是坦帕灣光芒韓籍球星崔志萬今（27日）面對波士頓紅襪，擔任先發8棒一壘手，繳出4打數1安打成績，唯一1安是發2分砲，打擊率2成36。,29
2022年08月27日,（中央社台北27日電）香港疫情升溫，政府預計單日確診很快過萬例，並指在別無選擇下可能收緊社交距離措施。,29
2022年08月27日, 登玉山追閃電 攝影高山症高雄北區指標個案「隆大鳳凰冠」全落成，隆大營建為服務客戶，27日特別舉辦「歡樂家年華」派對活動，邀請已購客回娘家，提前讓準住戶體驗未來好生活、分享即將入住社區的喜悅，另特別邀請咖啡拉花冠軍林紹興至現場與貴賓互動。,29
2022年9月17日,]告五人9月17日將在台北兒童樂園舉辦「樂園2022愛在夏天演唱會」，是史上第一組在該園開唱的歌手，門票日前開賣便銷售一空，讓剛結束專場巡演的告五人又驚又喜，等不及與粉絲面對面，欣慰表示：「謝謝歌迷總是貼心支持，這次演唱會將有很多的嘗試，跟我們一起在遊樂園好好玩一番，創造永遠的回憶！,29
2022年08月27日,」F1一級方程式賽車經過20多天夏休，本季第14站比利時站重燃戰火，今天結束的排位賽爭奪，由紅牛車隊的維斯塔潘（Mx Vrspp）以1分43秒665奪下桿位，法拉利塞恩斯（Cros Siz）和紅牛佩雷茲（Srgio Prz）則分列2、3位。,29
2022年8月27日,雲品國際攜手台泥企業團所屬台泥綠能，打造「台東紅葉谷綠能溫泉園區」於8月27日起試營運，結合民宿、旅程與餐飲業者等地方台南殺警案，震驚社會，身為警察眷屬的鴻海集團創辦人郭台銘，也在臉書有感而發，點名內政部長徐國勇、法務部長蔡清祥，尸位素餐，一定要有人下台負責，當事人徐國勇，今(28)日出席競選活動，面對媒體詢問，起先...,29
2022年08月25日,記者蔡厚瑄／北莊報導富邦悍將洋投羅力25日迎來主場引退倒數第2戰，前5局沒有被打出安打，僅因1次觸身球及1次保送上壘，還送出7張老K，然而6局上2出局時，他遭遇小亂流被連敲3安掉分，隊友高國麟雖然在7局下代打開轟敲下超前分，無奈牛棚接手放火掉3分，終場悍將以2：4不敵味全龍，羅力最後也無關勝敗。,30
2021年10月,今年10月脫口秀演員龍龍自曝遭博恩班底老K拿她與前男友賀瓏的事嘲諷，讓她難過崩潰痛哭，當時老K被問到此事，堅決表示不會向龍龍道歉，連博恩出馬也拿老K沒轍，沒想到後來事情大翻盤，原本力挺龍龍的雞排妹批評龍龍說謊，三方當時鬧得不可開交,31
2021年12月04日,如今沉澱兩個多月後，老K在臉書分享驚人訊息，證實將脫離薩泰爾娛樂，引來網友熱烈回應。,31
2021年12月04日,而龍龍此時也被挖出言行雙標的爭議，幾天後和龍龍隸屬同一經紀人康姐旗下的「雞排妹」鄭家純則大翻盤，曬出公司與龍龍的合約終止書，強調：「今天妳傳到團隊群組的那些訊息，真的讓我非常失望，妳利用了公司所有人對妳的信任與善良」，透露龍龍行徑失控，還在影片中假哭，最讓人不滿的是老K真的沒在節目中提到「前男友」3字，龍龍則解釋是自己記錯了，讓全公司都相當傻眼。,31
2021年11月13日,昨（13日）為第3屆走鐘獎頒獎典禮，許多Youubr齊聚一堂，令人驚訝的是，賀瓏和老K也在「龍K之亂」後首度同框，瞬間引起網友熱議。,32
2021年11月14日,黃豪平今（14日）曬出了走鐘獎的後台照，「沒毛病，博恩、老K、喬瑟夫、賀瓏，薩泰爾真的都到齊了耶！,32
2021年11月,沒想到一票人才在11月中旬盛裝出席YouTubr、網紅界的一大盛事「走鐘獎」，老K卻在近日自爆將離開薩泰爾娛樂，讓一票網友驚愕不已。,33
2021年12月04日,不過，老K的道別影片中還巧妙利用龍龍的「記錯了」道歉梗，只見影片中的老K站在薩泰爾娛樂辦公室門口準備離開，卻未見博恩、賀瓏出面送別，而他最後也忍不住走向辦公室，才發現原來當天是週末：「X，今天禮拜六，我記錯了啦！,33
2021年10月7日,而延燒多日的「龍K之亂」，風向則在一晚之間出現大轉變，原先多次發聲力挺龍龍的雞排妹，7日晚間就開了直播「屠龍」，痛批她自走砲還說謊成性、甚至假哭來博取同情，導火線則是因為龍龍對於老K在《炎上》提她前男友的事件，在鬧出如此大的風波後只來了一句「記錯了」，讓這些天以來為她忙裡忙外的經紀公司人士都傻眼，決定急切割與其終止合約，精彩翻盤吸引約6萬人同時在線收看。,34
2021年10月2日,2日博恩也終於出面，除瞭解釋事情始末與雙方之間在發生誤會後的溝通之外，也表明公司絕對不會包庇做錯事的老K，宣佈即日期無限期留職停薪，同時也難過痛哭表示管不動他，還拿諸葛亮揮淚斬馬謖的事件來比喻自己與老K，在鏡前痛哭表示：「人家街亭失守就真的打不回來了，你為什麼不肯道歉？,34
2021年10月3日,事後，隔天（3日）神隱的老K也終於出面，不過立場十分強硬，不只批評龍龍是喜劇圈毒瘤，也表態：「我絕對不會跟這個人道歉」。,34
2020年,隨後這起風波更是越演越烈，呱吉隨後又在直播中大爆龍龍去年夏天時，因不滿在群組內發言沒人回話，就爆氣退出《吐槽大會》成員群組的料，更直言不知道如何跟她相處，再次開啟戰場；,34
2021年10月6日,而龍龍也在6日晚間再度出面發聲，再次批評老K、博恩、薩泰爾，甚至是呱吉等人，雖然在裡面聲淚俱下控訴，但被網友抓包疑似是假哭，這種不斷另開戰場的作法，也終於惹怒先前一直在背後挺龍龍的雞排妹與經紀人康姊,34
2021年10月7日,7日晚間直接開直播和龍龍徹底決裂。,34
2021年10月3日,雞排妹更爆料，龍龍3日提出因薩泰爾公布的腳本是假的，向公司表明現場確實有提到前男友這回事，因此要拍影片回擊，公司方面最終同意幫她，不過龍龍開會過程中竟決定安排假哭的橋段，拍攝過程中更會刻意多加腳本上沒有的攻擊他人話語，讓雞排妹徹底傻眼，警告龍龍：「妳已經做出很多傷害到公司的事情，如果你繼續這樣，博恩是揮淚斬馬謖，妳信不信我把所有內幕講出來，我是家純屠龍記，妳不要以為我做不到！,34
2022年08月27日,坦帕灣光芒台灣好手張育成今（27日）再度代打上陣，2打數沒有安打,35
2022年08月27日,加上今天已經連續10打數沒有敲安，陷入打擊率2成保衛戰。,35
2022年08月27日,]一起來欣賞今日的5大好球！,35
2022年08月27日, 臺灣好手張育成今（28日）以二壘手第7棒身份先發，在歷經10打數沒有安打的低潮後，3局上首打席就敲出內野安打，5局上再從Hi手中選到保送，7局上則是吞下三振，9局上被崔志萬接替代打，總計張育成留下2支1、1保送、吞1K，打擊率上升至0.205；,35
2022年08月26日,洛杉磯天使與多倫多藍鳥的系列賽第2戰，在昨日以12比0痛擊藍鳥的天使,35
2022年08月27日,今（28日）靠著日籍好手大谷翔平的二刀流上陣，7局、僅被敲出2支安打、無失分、1保送、奪9K壓制，同時選到2次保送，搭配上Luis Rgifo的安打以及AdrVzquz陽春砲，終場天使就以2比0連兩天完封藍鳥。,35
2022年08月27日,天使隊今天與光芒隊之戰，兩位亞洲好手同場競技，張育成雖然4打數無安打，不過首打席有一支準安打球被對手美技沒收,35
2022年08月27日,而天使隊雖...帶著6連勝氣勢的坦帕灣光芒今（27日）前往波士頓紅襪作客，光芒前3局打完取得4比1領先，孰料紅襪4下吹起反攻號角，連續4個半局進攻皆有所斬獲，反倒以9比4領先，雖然光芒在8上灌進4分，仍以1分差敗北，終場以8比9中斷連勝。,35
2022年8月24日,【記者 宋祥霖／高雄 報導】岡山分局永安分駐所警員徐卉宣於8月24日15時許，接獲報案有一名越南籍陳姓女子受友人所託，遠從屏東至永安區統一超商領取包裹...坦帕灣光芒對決波士頓紅襪的美東內戰,35
2022年08月27日,臺灣好手張育成今（28日）以二壘手第7棒身份先發，在歷經10打數沒有安打的低潮後，3局上首打席就敲出內野安打，5局上再從Hi手中選到保送，7局上則是吞下三振，9局上被崔志萬接替代打，總計張育成留下2支1、1保送、吞1K，打擊率上升至0.205；,35
2022年,女子棒球聯賽今年來到了第三屆，適逢女棒20週年,35
2022年,因此今年的開幕典禮也格外盛大,35
2022年08月27日,27日現場嘉賓雲集，教育部體育署林騰蛟次長、台北市政府體育局李再立局長、中華職業棒球大聯盟楊清瓏秘書長、中華民國棒球協會辜仲諒理事長，以及前國家隊總教練謝長亨、知名球評曾文誠、SuSr明星棒球隊陳齊祥經理等都出席響應，並喊出口號「投向下一個20年」。,35
2022年08月27日,亞特蘭大勇士今（27日）推派Spcr Sridr面對聖路易紅雀，繳出6局7K僅失1分的優質先發，靠著隊友強大的火力支援順利奪下本季第8勝。,35
2022年,全國社區學生棒球大賽U12組冠軍戰組合出爐，黑馬三峽社區棒球隊一日兩戰，連過冠軍大熱門中大紅襪、NBA港湖，驚奇闖進最終決賽，總教練陳俊諺也直呼不可思議，「有點像今年甲子園,35
2022年,今年已經在傷兵名單待過2個月的光芒二壘手BrdoLo,35
2022年08月27日,今天被觸身球砸中手肘受傷。,35
2022年08月27日,（中央社記者沈佩瑤台北27日電）指揮中,35
2022年08月27日,心今天公布，國內增COVID-19本土病例，中重症增179例，其中40人死亡。,35
2022年08月27日,紐約洋基今（27日）繼續進行與奧克蘭運動家的4連戰，靠著當家球星AroJudg在5局上敲出的3分砲奠定勝基，加上王牌投手GrriCo主投7.1局狂飆11K僅失1分的優質先發，終場以3比2收下勝利。,35
2022年08月27日,（中央社記者謝靜雯台北27日電）旅美費城人隊野手李灝宇,35
2022年08月26日,昨天升上小聯盟高階1A,35
2022年08月27日,今天出賽開轟、高A首安就是全壘打；,35
2022年08月27日,海盜隊小聯盟1A野手鄭宗哲維持好手感，今天單場2安、跑出1次盜壘成功。,35
2022年8月27日,（駐立陶宛台灣代表處提供）中央社記者陳韻聿倫敦傳真 111年8月27日由斯邦奈公司主辦「S2O Ti潑水音樂祭」活動,35
2022年08月27日,今、明（,35
2022年08月27日,27日,35
2022年08月28日,28日）於大佳河濱公園舉辦，沒想到主辦方演出前夕公告多位國外藝人確定無法來台，甚至宣稱活動照常進行、不開放退票等引發爭議。,35
2021年10月05日,不過，近日就有網友發現，其實早在一年前的某場演出上，藝人黃豪平就曾經透露過龍龍的前男友是賀瓏，如今爆發老K與龍龍的事件，被網友翻出直呼「原來一年前的梗是這個！,36
2021年10月05日,也因為這段對話，龍龍雖然未出演該場演出，但後來也出現在現場，自己拿起麥克風表示「大家好我是龍龍，我今天讓大家猜有沒有聽到龍龍這兩個字，為什麼，因為一直有人覺得我的名字跟他重疊了，所以大家會搞混，那個人是誰，那個人就是我前男友賀瓏！,36
2022年05月28日,喜劇演員賀瓏是薩泰爾娛樂旗下藝人，28日將於TICC台北國際會議中心，舉辦首次個人專場演出《妳好就好》，讓人不免聯想到他前陣子因「前任」身分，無辜捲入「龍K事件」。,37
2022年05月02日,賀瓏接受《NOWs今日聞》專訪時，就大方公開2人交往過程，也坦承當時看到龍龍陷入低潮時，完全沒有感到心疼。,37
2021年,龍龍去年指控老K霸凌，雙方鬧得不可開交，最後被當時的經紀人康姐、同公司藝人鄭家純（雞排妹）撕開假面具後，形象跌至谷底，消失螢光幕好一陣子，而當時身為前男友的賀瓏，不斷被網友要求要出面替龍龍護航，不過他僅在臉書上發文，列出無關此事的3點聲明，似乎想果斷與對方切割，站穩自身立場，他不謾罵、不跟風的態度也意外被誇讚有風度。,37
2022年08月2日,記者蔡厚瑄／高雄澄清湖報導味全龍「大師兄」林智勝2日晚間在高雄澄清湖球場炸裂、轟出滿貫砲，生涯295轟再度刷台灣職棒紀錄，單場4打數敲3安，包辦全隊所有打點，帶領味全龍以4：1擊敗統一獅，也獲選單場MVP，而獅隊雖然推出陣中最穩的洋投布雷克，但最後仍輸給味全，苦吞5連敗，也締造隊史下半季最差開季。,38
2018年,統一獅隊史下半季最差開季原是在2018年的4連不勝（1和後3連敗）,38
2022年5月,今年5連敗也超越隊史紀錄,38
2000年,也加入2000年和信鯨,38
2008年,2008年米迪亞暴龍,38
2021年,2021年富邦悍將，以5連敗並列中職史上第3差。,38
2021年,記者洪素津／專訪報導脫口秀演員龍龍長年在喜劇圈耕耘，不過去年因遭博恩班底老K拿她與前男友賀瓏的事嘲諷，讓她感覺被性騷擾且崩潰痛哭，爾後也有假哭疑雲，但龍龍的知名度也大增，性騷事件過後，還遇上AV女優換臉事件，無心工作的龍龍沈澱近3個月，近來終於開始準備自己個人脫口秀的售票，也參演全民大劇團《仁愛路六號》全舞台劇，龍龍為催票接受《三立聞網》專訪，提及女優換臉事件，龍龍無奈表示，「可能會為未來床事留下陰影，我看著看著就哭了」。,39
2021年,龍龍去年因遭博恩班底老K拿她與前男友賀瓏的事嘲諷，讓她感覺被性騷擾且崩潰痛哭，沒想到還有雞排妹加入戰火轟假哭，龍龍為此沈澱消失近3個月，身形也瘦了許多，走過創傷的龍龍表示自己體重沒有太大變化，是水腫消了很多，龍龍笑喊：「當時聞說我暴瘦，我朋友就生氣說：『哪有瘦那麼多啊！,39
2022年5月14日,全民大劇團《仁愛路六號》全舞台劇5月14日（六） 14：30,39
2022年05月15日,19：305月15日（日） 14：30國父紀念館Opix兩廳院文化生活龍龍個人秀Ep4 Accupss網址： hps://rur.cc/Y9DjOx 點這裡看更多精彩圖片： hps://rur.cc/AKG32E,39
2020年,脫口秀近年來在台灣發展興盛，根據網路溫度計在2019至2020年間的調查，統計出了20位網友討論度聲量最高的脫口秀演員，包含博恩、龍龍、喬瑟夫、賀瓏、東區德、黃豪平等人，都是在脫口秀圈子當中十分活躍的演員。,40
2022年08月8號,現在的法律還是有死刑的條文【記者 王苡蘋／高雄 報導】高雄市政府青年局指出，該局轄下青創空間-「Piy」完成改裝並歷經2個月試營運，今(28)日於駁二8號倉庫舉辦開幕活動...英國航空公司「J2.com」日前發生班機迫降事件，一架從伯明罕（Birmighm）起飛的班機，在高空3萬英呎高空飛行時，機師突然暈倒，導致班機一陣搖晃，幸好飛機最終緊急迫降。,41
2022年07月31日,影音中心／鍾如婷報導台中市西屯區昨（26日）凌晨發生1起酒駕自撞事故，27歲從事八大行業的劉男，凌晨酒後駕車載26歲鄭姓女友返家途中，於文心路上疾駛，不料途經文心路與大隆路口時衝撞中央分隔島，又撞上前方等紅燈的車輛，導致車輛半毀，車上女乘客全身擦傷，警方到場後，對劉男實施酒測發現酒測值超標，他也坦承酒駕，全案訊後依公共危險罪法辦。,41
2022年08月01日,民進黨台北市長參選人陳時中今天（,41
2022年8月28日,8月28日）下午在大直萬豪酒店，舉辦扶輪之友、青商之友、同濟之友、獅子會等4大社團後援會成立大會。,41
2022年8月28日,國際中心／蕭宥宸報導 美國奧克拉荷馬州1名母親姬妮（Lori Ky）於自家游池戲水時突發類似癲癇的症狀，整個人身體僵硬、在水中抽搐，而她年僅10歲的兒子嘉文（基隆山水庫8月28日蓄水率再創低，只剩37.3%，預計只夠提供1至2個月用水。,41
2022年9月3日,對此經濟部決議，9月3日開始，基隆和北汐止地區將實施第一階段限水，從晚上10點到隔天清晨6點進行減壓供水，並同步出動水車、實施人造雨，甚至開挖水井，想方設法就是希望增加用水，舒緩缺水危機。,41
2024年,年底九合一選舉，被視為2024年總統大選的前哨戰，近日有媒體公布一份「希望誰擔任下一屆總統？,41
2022年07月31日,億光文化基金會於今(8/27)早...2022全國鹹酥雞嘉年華昨（27）日下午4點在高雄大遠百追夢廣場華麗開賣，現場除全國各地多家知名鹹酥雞攤商、飲料酒水攤商，還有素食鹹酥雞、冰品等豐富類型商家進駐現場，首日吸引近3.5萬人次參加，許多鹹「日本熊本縣國際香鬆協議會」多年來免費贈送香鬆至世界各地分享愛！,41
2022年,今年透過臺灣芳濟祿科技股份有限公司陸伯壎總經理的穿針引線，「國際香鬆協議會」致贈一整年份價值40萬日幣的香鬆，給「財團法人臺北市政府教育台南殺警案震驚社會，殉職員警服務的民權派出所持續有民眾送來鮮花和食物加油打氣，所長更在臉書發文悼念，對於2名同仁離世感覺還是很不真實，也發出多張2名同仁和同事的工作照片，表達難過與不捨。,41
2022年08月27日,「很不真實」U15世界盃棒球賽27日在墨西哥開打,41
2022年08月28日,台灣代表隊（圖）28日首戰與地主墨西哥交手，台灣隊4局追回2分翻轉戰局，比賽5局因雨裁定台灣2比1拿下首勝。,41
2022年08月01日,警消調查，張姓男子今日上午到北市貢寮區參加深潛活動，才剛下水不久，他便消失在教練視野中，教練為了安全，先將其他潛客帶上岸，再度下水尋找失蹤的張男。,41
2022年03月28日,喜劇演員龍龍昨（28）日在臉書發文，疑似對威爾史密斯事件有感而發，似乎意指當年她與老K的事件，龍龍寫下當初應該上台揍一拳，而不是躲起來哭。,42
2022年03月28日,龍龍昨（28）日在臉書發文，「可惡，我真的要好好反省。,42
2021年10月8日,不過，就在雞排妹鄭家純抖出龍龍說謊後，8日晚間薩泰爾頻道的「狗屎寫手」單元，突然再次貼出有老K參與的演出內容，讓網友蜂擁而至關切。,43
2021年10月7日,雞排妹7日晚間與經紀人康姐開直播，直指龍龍以「記錯了」的方式搪塞說謊事實，只是，老K看到以後心情相當平靜，僅表示跟博恩、賀瓏等人的兄弟情誼不變。,43
2021年,雖說該影片是在今年,43
2021年9月,九月拍攝的，不過龍K事件爆發後，老K首度現身在薩泰爾頻道影片中，同樣獲得網友高度關注，許多網友紛紛留言為老K緩頰「希望薩泰爾讓老K繼續在幕後工作」、「老K不上銀幕沒關係，希望可以繼續寫笑話」、「馬謖的回來了」。,43
2021年10月,脫口秀演員龍龍（林千聿）去年10月控訴遭到薩泰爾娛樂《炎上》班底老K霸凌，在台上脫稿演出嘲笑她與前男友賀瓏的關係，事件延燒多時。,44
2021年,談到去年的「龍K事件」，賀瓏直言「我會覺得無辜捲入風波，但我也不會覺得跟我無關」，當時很多人對於悶不吭聲的他相當不認同，賀瓏解釋：「我不是不講話，我當時是在籌備表演。,44
2022年05月28日,」賀瓏個人喜劇專場《妳好就好》將在28日晚上8點在台北國際會議中心開演，重視個人生活的他認為，親情、友情的重要性遠超過愛情，「我是個不太依賴愛情的人，我會希望女生能給我一些空間。,44
2021年10月06日,脫口秀演員龍龍指控老K霸凌事件仍在延燒，博恩、賀瓏等人也捲入風波，龍龍昨（6）日晚間再度發聲，錄製11分鐘影片只求老K一個道歉，而老K則認為已經隱忍龍龍傷害喜劇圈已久，是時候該出來拆穿。,45
2021年10月06日,對此，與龍龍同個經紀人的雞排妹突然貼出龍龍的「合約終止通知」，透露昨天下午已有聯繫對方，希望她能適可而止，不然就會爆出內幕。,45
2021年10月07日,博恩揮淚斬馬謖，我開直播家純屠龍記，不要覺得我做不到，今天妳傳到團隊群組的那些訊息，真的讓我非常失望，妳利用了公司所有人對妳的信任與善良。,45
2022年3月,31歲的脫口秀演員博恩，擁有台大外文、心理學雙主修高學歷，是台灣少數可用英文講脫口秀的表演者，成立的薩泰爾娛樂公司也是國內喜劇表演頗負盛名的公司，不過近期他在Podcs自爆不喜歡鄰居管太多，諷刺對方住海邊，引起網路公審，鄰居跳出來反擊，他3月還要舉辦「有趣的演講」，挑戰不繳納5%娛樂稅，另類作風恐會再惹爭議。,46
2019年,博恩脫口秀以犀利調侃作風出名，2019年他曾在opmic測試場即興說了一個笑話，「我們在陽間燒的東西，在陰間都會出現一份，那陰間是不是有兩個鄭南榕？,46
2021年,而去年的「龍K之亂」，博恩因無法掌控旗下演員老K的表演尺度，在「炎上」表演節目提及龍龍前男友，導致後續雙方失控，龍龍泣訴被喜劇圈霸凌，老K不願道歉，最後博恩揮淚斬馬謖，與老K解約，龍龍則被雞排妹踢爆假哭，風波延燒一個多月才畫下句點。,46
2022年02月18日,如今博恩跟鄰居鬧翻，他仍辯解自己不是執法單位，對別人樓梯間堆積雜物不感興趣，「我沒有說個人主觀判定對錯，這些行為本來就不對，但對我來說就像是去檢舉非洲路邊違規停車一樣」。,46
2022年3月,不過，他對脫口秀表演被課稅很有想法，這幾年疫情期間，喜劇表演場所被嚴格限制，機會銳減，還要被課徵5%娛樂稅，反觀演講則不需要課稅，博恩這次要挑戰法規權威，把3月脫口秀表演改名為「有趣的演講」，希望少繳5%娛樂稅，他還行公文給台北市政府局處，結果對方竟以維科百基內容回覆，並對他提的影片意見模稜兩可,46
2022年3月,最終仍要以3月表演內容判定，博恩這次大膽挑戰逃漏稅，被網友稱之為「邏輯鬼才」，是否能闖關成功，還是會被判定違法，結果引人矚目。,46
2020年,去年的「吐槽大會—呱吉無法擋」的火烤大會中，黃豪平提及因凱莉臨時代替龍龍參賽，沒有準備跟她相關的內容，所以腳本直接把龍龍名字全都改成凱莉，後來他在台上一句「賀瓏，凱莉不要的」，引發哄堂大笑，因為這句話就是暗指龍龍,47
2021年10月11日,如今爆發老K與龍龍的事件，網友才驚呼「原來一年前的梗是這個」！,47
2021年10月10日,有網友在臉書「靠北現場喜劇2.0」粉絲頁爆料，說黃豪平因此事跟龍龍吵架，當天在後台下跪道歉，事後東區德還拿此當笑料，要他「少惹十二生肖」，他10日在該留言底下澄清「繪聲繪影講成我道歉的時候下跪，我不提，但闢謠可以吧」，黃豪平說，當天呱吉火烤大會結束後，當事人上台，他順勢做出下跪的動作，表達歉意而已，但也是故意誇大，只是一個歡樂效果，沒有外傳的如此隆重。,47
2021年,影音中心／鍾如婷報導脫口秀演員龍龍（林千聿）去年自曝遭博恩班底老K，於舞台上影射舊情事爆發「龍K之亂」，隨後又被同公司的雞排妹及經紀人出面切割，發影片哭訴解釋也被批是「假哭」，引來網友的輿論壓力，讓她徹底陷入低潮,48
2022年,今年她揮別,48
2021年,去年的紊亂希望迎來氣象,48
2022年2月1日,龍龍在2月1日於FB放上她,48
2021年,去年底脫口秀的演出，並寫下對年的自我期許，而影片中的她反覆自嘲「龍K之亂」的玩笑，顯見她想趁年揮別過去的黑暗史，給予自己的開始。,48
2022年02月28日, 踏入北大都會公園就可看見現場超大雙舞台，「海祭台」及「未來台」並分別邀來U15世界盃棒球賽在墨西哥開打，台灣代表隊（圖）28日首戰與地主墨西哥隊交手，台灣隊靠著張耀允先發5局好投、王興楷關鍵安打以2比1拿勝，下一戰將與捷克交手，總教練曾偉誠表示，希望打擊手感可以漸入佳境。,48
2022年02月27日,5傳染鏈 話題餐廳1／「CIMES君尹」以科學儀器提取食材真味 名廚陳溫仁帶來歐陸料理體驗.在越南胡志明市舉行的U18亞洲青年跆拳道錦標賽，台灣女將侯佳妤（左3）27日在女子49公斤級賽事再添1銅,48
2022年,今年台灣隊累計共拿下1金、3銀、2銅。,48
2022年02月26日,台中市清水區公所24人參加南投參訪活動，26日在南投仁愛鄉武界部落健行與溯溪時因迷路集體失聯，市府隨即與南投消防、民力合作火速展開搜尋,48
2022年8月28日,...基隆山水庫8月28日蓄水率再創低，只剩37.3%，預計只夠提供1至2個月用水。,48
2022年9月3日,對此經濟部決議，9月3日開始，基隆和北汐止地區將實施第一階段限水，從晚上10點到隔天清晨6點進行減壓供水，並同步出動水車、實施人造雨，甚至開挖水井，想方設法就是希望增加用水，舒緩缺水危機。,48
2022年02月25日,花蓮縣 / 綜合報導 花蓮瑞穗鄉富源村台9線248公里處，25日晚間發生一起3車追撞事故！,48
2022年02月06日,」點我看更多華視聞＞＞＞ 原始連結經過兩年的籌組，行政院數位發展部正式掛牌成立，在揭牌暨部長布達典禮上，宣布由行政院政委唐鳳擔任首任部長，負責主導五大領域業務，唐鳳表示，數位部英文簡稱為mod，期許成為台灣數位發展的馬達，並建構全民高雄小港今天（,48
2022年8月28日,8月28日）早上接近8點鐘，發生一起誇張車禍，一部機車和汽車發生碰撞，撞擊力道猛烈，汽車整台撞進旁邊的化工廠，把圍牆撞破一個大洞，機車則噴飛好幾公尺，幸好2名駕駛都沒有生命危險，只是這巨大撞擊，嚇壞附近不少上班民眾。,48
2022年02月06日,[] 國民黨全國黨代表大會今（28日）於林口的國立體育大學綜合體育館舉辦，過去幾屆都不出席，連2020總統選舉年或在北市舉辦的全代會都缺席的北市長侯友宜,48
2022年,今年罕見到場，與國民黨22縣市首長參選人合體造勢。,48
2022年05月06日,話鋒一轉，賀瓏接著介紹當天嘉賓，直呼「今天台上非常難得，場上有我賀瓏、喬瑟夫、酸酸還有Jim」表示薩泰爾系統只差最難笑的沒上台，暗指在台下觀看的博恩，對方聽了則立刻拿起麥克風說：「不要再欺負馬克了。,49
2021年10月07日,[周刊王CTWANT] 龍龍與薩泰爾成員老K之間的「言語霸凌事件」峰迴路轉，今日（7）晚間與龍龍同公司的藝人「雞排妹」鄭家純突然發文公告與對方「終止合約」，雙方鬧翻，令外界一片譁然。,50
2021年10月07日,接著雞排妹表示，龍龍今天發布於臉書的澄清影片，經紀公司就與她拍攝2個小時，過程中龍龍就是拉不下臉承認此事自己有錯，「就是想戰到贏」。,50
2021年10月06日,幾番來回後，最後雞排妹於昨日下午打給龍龍，再次強調公司處理此事是為站在澄清真相的立場，「我覺得你就是一個瘋女人！,50
2021年10月07日,康姊接著補充，沒想到今天（,50
2021年10月7日,7日）下午，龍龍傳訊息到群組表示,50
2021年10月07日,「薩泰爾今日撈出《炎上》的表演內容，確實是他們聲明稿內的內容，我手上的是稿子內容，所以是我記錯了，我朋友透露是薩泰爾希望整件事情就此結束，他們也不會公布真正的表演影片，是我記錯了，大家辛苦了」。,50
2021年10月07日,雞排妹甚至懷疑，龍龍一開始就是企圖利用經紀公司的資源，幫忙報導整件事情，打擊敵人，她最後無奈表示「我們就是識人不清，今天公司決定跟她解決，是因為她的欺騙」。,50
2021年10月,娛樂中心／陳冠宇報導脫口秀演員「龍龍」10月初指控同行「老K」霸凌，在網路上掀起「龍K之亂」，引發外界議論，事件最終在龍龍遭經紀公司解約，並上網發長文道歉下落幕。,52
2021年10月28日,沉寂了一段時間後，龍龍昨（28）日在IG發文分享近況，透露自己在國中班導的邀約下，回到母校敘舊，讓她有種充電的感覺「再休息一下吧！,52
2021年10月28日,龍龍28日在IG發文，與粉絲們分享近況，說她在國中班導的召喚下回母校敘舊，讓她有充電的感覺，還有學弟妹看到她驚喜地跳起來，雖然害羞但還是不忘幫她加油打氣，暖心舉動讓龍龍有感而發「雖然我正在吃第三份早餐，有點尷尬，但真的很窩心」。,52
2021年10月06日,娛樂中心／李家穎報導脫口秀演員龍龍近期控訴在《炎上》脫口秀，遭到博恩班底「老K」霸凌，雙方數度隔空交火，她也在今（6日）晚放上影片，淚訴並回應近日與老K的事件，希望藉由這次的完整說明能就此落幕。,53
2021年10月06日,」也要對支持我的人喊話：「我曾經說過，希望我的喜劇可以陪伴低潮的人走過人生的檻，而今天是你們陪我走過這個檻」。,53
2021年10月07日,[周刊王CTWANT] 「家純屠龍記」事件持續延燒，「雞排妹」鄭家純昨（7日）與經紀人在臉書直播，針對與龍龍切割一事作解釋，強調龍龍與公司理念不合，以及她的種種行為，最終才決定終止合約；,54
2021年10月07日,」鄭家純昨天在她的「家純屠龍記」直播中，親揭經紀公司為何與龍龍解約的真相，直批龍龍在專訪露出後仍到處開戰，而且沒有打算要停止，甚至直到最後一刻才說出現老K演出時根本沒有說過「前男友」這三個關鍵字，強調自己「記錯了」，讓公司全員暴怒，最終才會決定解約。,54
2021年10月07日,此外，鄭家純昨天的直播還提到，當時龍龍分享了自己和「百靈果Ns」的主持人凱莉的故事，鄭家純當時說（直播1:11:09處）：「老男孩直播的贊助商是百靈果的凱莉，我那時候還幫她（龍龍）生氣，因為以她跟我講過的故事，是凱莉曾經做過對不起她的事情，所以我說『龍龍，這真是太過分了，凱莉怎麼可以這樣。,54
2021年10月07日,」凱莉無故捲入這次的事件，她昨天晚上也在直播中提到,54
2020年,鄭家純講的事情是龍龍去年年初與凱莉合演的事情，當時疫情大爆發，凱莉希望暫停，但龍龍認為符合防疫規範就能繼續，最終凱莉選擇退出，並找了另一人來演出頂上。,54
2021年10月06日,脫口秀小天后龍龍（林千聿）指控老Ｋ霸凌，事件延燒至今，也扯出兩人過往黑歷史，昨（6）日龍龍再度發出聲明，淚訴「我從到尾只是需要一個老K的道歉，真的有那麼難嗎？,55
2021年10月07日,」對此，《Nos今日聞》記者詢問龍龍經紀人康姐，目前仍未獲得回應。,55
2021年10月06日,龍龍昨發表的聲明，回應關於和老K的爭議、長年被霸凌、有寫手、雙標女權等爭議，卻全程避談自己在IG公審髮型師的事件，讓許多網友無法接受，紛紛表示，「弄到人家關版你也隻字未提自己在那邊掉眼淚，髮型師才想掉眼淚吧」、「OK 你可以消費別人 別人不能消費你 雙標跳針仔」、「兩邊都不支持，但不要再哭了」、「你寫客家人就是笑話，人家寫你就是侮辱」。,55
2021年10月2日,髮型師事件源起於2日龍龍在IG限時動態上，公開一名網友的私訊內容，「把喜劇圈搞到烏煙瘴氣，為了流量為了賺錢，把事情搞到這種地步，你真的不配做喜劇演員，退出喜劇圈」，龍龍表示自己不喜歡工作完後，還要收到「垃圾」，強調自己沒有因此賺到錢，甚至曝光對方個人資訊，直呼「自己的人生請自己負責」。,55
今日,」（編輯：薛羽彤）※【NOWs 今日聞】提醒：如果您或家人、朋友遭受家庭暴力、性侵害或性騷擾的困擾，或是您知道有兒童、少年、老人或身心障礙者受到身心虐待、疏忽或其他嚴重傷害其身心發展的行為，請主動撥113，透過專業社工員處理，救援受虐者脫離危機。,55
2019年8月,例如薩泰爾娛樂創辦人曾博恩，2019年8月時以「我們在陽間燒的東西，陰間都會有一份，那陰間是不是會有兩個鄭南榕？,56
2021年9月,同樣是薩泰爾旗下的演員「老K」劉哲凱，2021年9月也在節目《炎上》中戲謔女性喜劇演員「龍龍」林千聿與前男友關係，遭到網友撻伐，甚至遭到「揮淚斬馬謖」將他無限期留職停薪。,56
2021年5月1日,2021/5/1：薩泰爾娛樂於5月1日晚間8時舉辦了「炎上徐乃麟」的脫口秀售票節目，不過事件主人公卻指出，脫口秀演員老K在當晚演出時脫稿演出，不僅爆料龍龍和前男友賀瓏的往日情，還指控龍龍是「爛人」，而前男友是個孬種等羞辱性言辭，引起龍龍痛訴老K此舉讓她感受到「在舞台上被霸凌的感覺」。,57
2021年10月2日,2021/10/2【博恩方】：對此，博恩在2日通過薩泰爾娛樂官方YouTub頻道上傳了一段長達17分鐘的說明影片，回應龍龍方的指控。,57
2021年5月,他表示，除了脫稿影片會全數刪除外，薩泰爾娛樂後來也和龍龍達成初步共識，薩泰爾方已根據合約條款對老K脫稿行為進行懲處，「5月的時候龍龍也表示OK，這件事情就這樣告一段落。,57
2021年9月22日,針對「存證信函」一事，His表示並不是想要鬧上法院，而是想對龍龍方表現「想要有積極處理此事的誠意」，只是在9月22日至,57
2021年10月24日,24日二度投遞後都失敗。,57
2021年10月2日,2021/10/2【老K方】：老K在2日晚間於臉書上PO出一段長達20分鐘的影片，在影片的一開始就表示，「不想聽我解釋、覺得我是錯的，可以直接留言罵我我不介意，我覺得台灣有很大程度的言論自由，我不介意你留言私訊攻擊我批評我，我希望把這件事解釋給想知道的人們聽。,57
2021年10月2日,」2021/10/2【老K方】：老K在2日晚間於臉書上PO出一段長達20分鐘的影片，在影片的一開始就表示，「不想聽我解釋、覺得我是錯的，可以直接留言罵我我不介意，我覺得台灣有很大程度的言論自由，我不介意你留言私訊攻擊我批評我，我希望把這件事解釋給想知道的人們聽。,57
2020年,」此外，龍龍嘲諷客家人影片也在這時候被翻出， 加上她去年曾提到：「這件事情也許是你的底線，所以你沒有辦法拿這件事開玩笑，但不代表這件事情不好笑，也不代表我不能拿這件事情開玩笑。,57
2021年10月6日,因為她發現10月6日的影片中龍龍的哭泣竟然是假的！,57
2021年10月6日,不過老K卻態度強硬反擊，兩人之間的心結未能解開，老K也堅持不願向她道歉，而龍龍也在6日晚間再度出面發聲，但巧的是,58
2021年10月06日,博恩昨晚11時許也在臉書上發文，引發外界揣測內容是否在回應龍龍，又掀起話題。,58
2021年10月2日,對於網友認為這是老K個人行為，為何博恩跟薩泰爾也要捲入這場風波，龍龍則表示「博恩曾允諾我想要改善喜劇圈長期霸凌的狀況，然而10月2日博恩卻哭著疼惜霸凌她的老K，「所以這一段時間以來博恩一直答應我他做不到的事情，包括一直承諾老K會停止在薩泰爾頻道露出，然後最後又騙我，最後又說謊，我整個就很困惑，所以整件事情當然跟博恩還有薩泰爾有關啊」。,58
2021年5月,脫口秀演員龍龍和老K的戰爭，從5月份老K脫稿演出，經過雙方及各自團隊斡旋數月未果，最後她選擇訴諸媒體而浮上檯面，造成兩敗俱傷。,59
2020年,去年這支《笑話糾察隊出動 台灣喜劇有救了》的YT影片，龍龍嘴歪眼斜、語氣充滿不屑地跟網友「抬槓」，與她日前接受媒體專訪時落淚的模樣判若兩人。,59
2021年10月,脫口秀演員龍龍2021年10月在鏡前淚訴老K嘲諷自己及前男友，沒想到事件出現大翻轉，遭到雞排妹公司大切割，甚至還爆料龍龍根本假哭，嘲諷事件也是龍龍自己記錯了，讓網友超傻眼。,60
2021年,2021年勢力崛起，話題人物不再是綜藝圈的大哥大姊，而是爭議不斷的網紅們，脫口秀演員龍龍哭訴老K霸凌，拿前男友開玩笑，引發女權爭論，最後連雞排妹也反目成仇參戰；,61
2021年,米砂翻拍AV版《魷魚遊戲》 進帳百萬入住豪宅韓劇《魷魚遊戲》在全球暴紅，知名YouTubr米砂搶先在日韓之前，將劇情翻拍成《鮑魚遊戲》，在成人影音平台上架，風光賺進600萬元，米砂也分紅到100萬，今年陸續搬進,61
"2021年12月1,","1,700萬元的豪宅，還買了200萬的特斯拉汽車。",61
2021年12月25日,米砂向《NOWs今日聞》表示，房子、車子都是靠累積積蓄購入，《鮑魚》帶給她的最大利益是增加知名度，在AV界說話更有分量、有話語權。,61
2021年,米砂今年更花費100萬元開設公司，一人擔起導演、攝影、剪接、配音工作，建立起自己的品牌風格，讓粉絲很期待她的下一步作品。,61
2021年12月20日,不過正當鄧佳華跌至谷底後，怎料好運又突然找上門，台灣AV片商「TWAV公司」邀約他拍AV，雖然挑選女優過程困難重重，整件事也頻被網友挨批是在炒聞，不過鄧佳華最後仍在導演圤智雨的執導下，完成人生首支AV《華根初上》，20日順利上架後就讓觀看平台大塞車，迴響熱烈，而鄧佳華也成功拿下「破處紅包」，開心與對手女優苡若合照，並感謝片商TWAV公司說到做到。,61
2021年10月4日,對此，北市議員「呱吉」邱威傑4日發文表示，喜劇表演無法讓每個人都喜歡，但不代表所有表演者都「不入流」，「喜劇演員是社會的先鋒，探索文化的邊界與底線」，正如美國喜劇演員Dave Chapelle也曾多次道歉，「但他從沒因此害怕冒犯觀眾。,62
2021年10月04日,對此，呱吉昨天在臉書發文坦言，自己確實稱不上是喜劇演員，「但是14年前台灣第一家喜劇俱樂部（卡米地）成立的時候，我是最早期的股東，開幕時期缺演員，還客串過幾場。,62
2021年10月05日,」他也舉例，評論電影、餐廳並非希望電影產業、餐廳倒閉，而是期待產業變得更好，所以影評人都會花錢看很多電影、食評家會去吃很多餐廳，「今天有個不看不消費的傢伙批評一個產業，是有建設性的嗎？,62
2022年09月26日,本月26日，老K出演前同事也是龍龍前男友賀瓏的YouTube節目《放飛秀》，除了大談經歷「龍K之亂」的心聲，也被賀瓏大爆其新東家竟然就是台北市議員、YouTube頻道「上班不要看」的老闆「呱吉」邱威傑。,63
2022年10月,記者沈信宗／綜合報導脫口秀演員龍龍與老K於10月初掀起「龍K之亂」造成喜劇圈大亂，事件發生後老K遭到「薩泰爾娛樂」除名「斷頭」，而案件反轉遭踢爆的龍龍，也被前經紀公司「星雨國際」開直播公開「屠龍」切割。,66
2022年09月25日,針對網友們這段時間持續的酸言酸語，龍龍25日在社群上反擊：「黑粉們嘴巴上說討厭，一直來騷擾真的很像恐怖情人，把心思放在更重要的事情好嗎？,66
2022年09月25日,」昨（28日）則PO出自己開心吃鍋的照片，將自身重心放在享受生活上。,66
2022年09月25日,▲龍龍面對網友酸言酸語於25日發文反擊。,66
2022年11月,而他在喜劇活動方面與龍龍相比相對較豐富，11月有錄製公視《一字千金》的節目、近日還有出席YouTuber專屬典禮走鐘獎,66
2022年09月25日,昨（28日）也有擔任歌唱教學頻道《仁聲Open Mic》的主持人,66
2022年12月,緊接著12月又有《那些比較好笑的喜劇演員們3》的喜劇演出。,66
2022年5月,龍龍找媒體控訴博恩，與主掌的「薩泰爾娛樂」旗下藝人老K，在5月的脫口秀《炎上徐乃麟》演出時，刻意提及「前男友」，龍龍痛批：「隱私被侵犯與違反約定脫稿演出，而對方堅決不認錯的言論讓我感到非常憤怒！,67
2022年8月31日,然而，老K在8月31日又上了另一位脫口秀演員「東區德」的《老男孩直播》，2人聊到賀瓏時又提及「被賀瓏X過，所以整個個性扭曲了」！,67
2022年7月30日,」不過，根據民國73年7月30日版勞基法第70條函令，「停工處分影響勞工工作權益極大，故停工期間『不宜過長』。,67
2022年09月7日,（合成畫面／取自老Ｋ That's Old Kay、龍龍的沒梗人生臉書）「龍K大戰」燒到雞排妹鄭家純看不下去，原本力挺龍龍的她，7日晚上出來開「家純屠龍記」直播，人數一度衝破6萬人，鄭更抖出龍龍的指控根本是她自己「記錯」，一再傷害公司對她的信任，最後龍龍被經紀公司終止合約，切割下場。,68
2022年7月,今年7月底簽入星雨經紀公司變雞排妹師妹的喜劇演員龍龍,68
2022年9月30日,9月30日透過媒體專訪時泣訴,68
2022年5月,老K在5月的〈炎上BURN—徐乃麟〉演出時，脫稿嘲笑她與前男友賀瓏的關係，並指控薩泰爾娛樂老闆博恩打太極冷處理，且事後老K並未對此事道歉，甚至下了節目還與其他網紅在「老男孩直播」節目上說，「是不是被賀瓏X過的人，都這樣（扭曲）。,68
2022年28月,」龍龍今年28歲，畢業於政治大學民族學系，脫口秀主持人起家，演藝事業遍及YouTuber、製作人及演員，曾在表演中diss（disrespect）客家人勤儉個性引發爭議。,68
2021年10月2日,2021年10月2日，在臉書、YouTube頻道發布聲明影片表示，為自己的言論負責，解釋自己為何堅持「脫稿演出」、炎上本就是不受言論審查的冒犯喜劇，這是自己對藝術的堅持，也能接受目前的處份。,68
2022年09月7日,東區德同為單口喜劇演員，目前是「老男孩直播」主持人，他7日晚上已就此失言道歉，他自稱「當時在說這句話的時候心裡是沒有主詞的，也並非要真心的攻擊特定人士。,68
2022年09月6日,」龍龍6日聲明影片也自曝為何他如此火大的主因，她說長期被霸凌已好幾年，「你們看到的不只是在《炎上》，還有直播裡面的內容，一搭一唱互相附和之外，還有1年前，他們更在台上面說出，你跟賀瓏2個人都矮矮的，做愛的時候很像2隻天線寶寶。,68
2022年09月8日,不過8日龍龍遭鄭家純戳謊，指她鬧了一波後卻跟公司說，薩泰爾有調出影片，老k在節目中的確沒有講出關於前男友等的內容，是「自己記錯了」，讓鄭直批卑劣，「她根本一開始就知道老K沒講到前男友，是利用我們。,68
2022年09月5日,1. 賀瓏：喜劇圈演員及寫手、「全台最衰前男友」的賀瓏，5日曾在臉書發文表示這陣子收到很多關心，對於風波，他僅澄清他「沒有客家血統」，是父籍香港的台灣人，並不忘宣傳《賀瓏有打工》真的很好看，觀看數再不起來，就會被老闆揮淚斬掉。,68
2022年09月7日,孰料，鄭7日竟大義滅親以「家純屠龍記」為題開直播爆料龍龍拍片假哭，批她就是瘋女人、自走砲到處戰、利用公司的善良，「演技好到我在現場快要吐了！,68
2022年10月2日,4. 博恩：10月2日就此事發表道歉影片,68
2022年5月,表示5月表演結束後就一直有私下討論如何和平解決爭議，除刪除脫稿內容外，老K行為違反節目表演合約，也將按照合約對他進行懲處。,68
2020年4月19日,接者2020年4月19日的《笑話糾察隊出動，台灣喜劇有救了》影片又被翻出，內容更是提到：「這件事情也許是你的底線，所以你沒有辦法拿這件事開玩笑，但不代表這件事情不好笑，也不代表我不能拿這件事情開玩笑。,68
2022年09月26日,」龍龍大開客家人玩笑，如今自己卻開不起玩笑，隨著舊影片不斷被翻出、龍龍也不斷被自己打臉，網友認為她就是個「雙標仔」。,68
2022年09月4日,」而此次事件男主角老K，4日也在臉書發文批龍龍，把私訊公開讓龍粉公審，還鬧到人家工作場合，「不就最不會霸凌，不就最會被霸凌」、「這還不是大欺小，什麼是大欺小。,68
2019年,」此外，龍龍像這樣公開私訊且沒有把對方個人資訊遮住也不是第一次了，有網友翻出她在2019年的貼文，當時因為客家事件被網友罵，她甚至要網友「不喜歡就滾」,68
2022年09月26日,如今也被大肆嘲笑，轟她雙標仔。,68
2022年09月7日,鄭家純7日的「屠龍」直播，一度吸睛超過6萬人同時觀看，連串藍勾勾帳號也在留言區大聊，其中不乏有網路小編跳出來哀「家純讓我無情加班」、「跨年真的都沒這麼多小編齊聚」、「我明天一定要報加班」；,68
"2022年09月2,"," 08/19 (五) 東北樂天金鷲 vs 千葉羅德海洋2,146 次觀看【日職】🇹🇼 #宋家豪 登板救援逐球紀錄 投出三上三下 賞對手一張老K！",69
2021年,▲老K因去年與龍龍的糾紛沉寂一時。,70
2021年,（圖／MTI音樂科技學院基金會提供）老K自2021年與龍龍的事件之後沈寂了一段時間，他說：「心境來說就是確實事件過後有刻意停止一段時間的公開演出，倒不是因為掙扎或被打擊，而是不希望任何演出因為這件事被模糊焦點，所以才空白了一段時間。,70
2022年,」他今年也已經開始登台復出，回憶起事件之後的個人心境，老K表示：「基本上對我來說這件事並不會改變我任何的表演風格或給我帶來限制，也希望觀眾不要被這件事情影響。,70
2022年2月24日,音樂脫口秀》將於2月24日開始於台北 「Pipe Live Music」登場。,70
2021年9月,image source: FB / 龍龍的沒梗人生文／羅文芳2021年9月底在脫口秀圈爆發的「龍K之亂」糾紛，事件人物除了龍龍、老K，還有薩泰爾娛樂博恩、鄭家純雞排妹，加上事件發展峰迴路轉，引發眾多網友關注，龍龍累積大量聲量，使她仍位在「YouTuber聲量排行榜」第四名。,71
2022年12月31日,龍龍「承認記錯」三個月後復出「龍K之亂」女主角的龍龍，起初透過媒體指控薩泰爾老K，在表演時拿她前男友賀瓏當段子，大開性玩笑讓她感覺很不舒服，對此博恩出面淚崩道歉，但龍龍不斷在網路上開嗆，讓剛簽下龍龍的經紀人康姐感到不滿，同時也是康姐旗下藝人的鄭家純也看不下去，開直播指控龍龍說謊、解約，網路風向大反轉，最後龍龍承認「記錯了」道歉，整起事件延燒近一週，落幕三個月後，龍龍仍不時會在粉專分享心情，12月31日她發出舞台照，兩天後並發出脫口秀專場活動資訊宣布回歸。,71
2016年,身為政大畢業的高材生，龍龍2016年時曾在馬來西亞的選秀節目中拿下冠軍，以為自己終於要開始走得順利一點時，卻還是沒有公司來簽約，甚至一度窮到只剩三千元。,72
2022年09月26日,今(2日)博恩代表薩泰爾道歉，宣布將老K無限期留職停薪。,73
2022年27月,被封「脫口秀小天后」 控訴老K創下聲量新高龍龍本名林千玉，今年27歲脫口秀資歷約6年，臉書與YouTube頻道都有超過30萬人追蹤，演出內容葷素不忌，從同志話題「不要和Gay當好朋友」、成人18禁「男生尻一發就沒事了」等演出影片都有百萬觀看。,73
2022年09月30日,從《KEYPO大數據關鍵引擎》查看她近一年聲量趨勢，30日她指控老K舞台霸凌，表示她已事前跟博恩溝通過，看到老K表演稿拿她與前男友「賀瓏」事情開玩笑，讓她很不舒服，希望可以拿掉，博恩答應不會演出，但老K還是在4千多人面前說她「爛人」、「前男友是孬種」事後更在直播間說她「被賀瓏X到性格扭曲」讓她為此哭了好幾天，該事件已發網友熱論,73
"2022年09月3,","使龍龍創下討論度新高共3,952筆，目前位居網路溫度計「YouTuber口碑聲量排行榜」第43名，事後爆料不知怎跟龍龍相處等內幕的呱吉則在42名。",73
2022年09月26日,博恩淚崩宣布無限期留停 老K堅持「清者自清」對此博恩今（2日）在薩泰爾頻道上傳17分鐘親影片說明原委，表示表演後有向龍龍說明會對老K懲處，跟她道歉後雙方也達成共識，但事後老K在其他直播節目口出惡言，對此博恩原有想邀請喜劇圈開座談會，檢討此風氣但被經紀公司阻止，他坦言雖想處理此事，但也思考到公司其實無權管理員工下班後的私下言論，內心很掙扎，眼看此事發展至今，已嚴重影響薩泰爾公司，因此宣布老K被「無限期留職停薪」、「以後有緣再相見」博恩講到激動處也忍不住落淚，隔空向老K喊話「你到底為什麼不願意道歉？,73
2020年10月1日,image source: FB／STR Network - 薩泰爾娛樂、龍龍的沒梗人生【網路溫度計】提醒您－◎尊重身體自主權、拒絕性騷擾 請撥打113、110◎反霸凌專線：0800-200-885分析說明分析區間：本文分析時間範圍為2020年10月1日至,73
2021年9月30日,2021年9月30日。,73
2022年09月25日,怎料，老K昨（2日）天出面爆料，「龍龍《炎上》的稿子其實是找來4位寫手幫忙的」，遭質疑雙重標準。,75
2022年09月25日,然而昨天卻被老K爆料，她在《炎上》演出的段子其實是找4位寫手幫忙的，遭批說謊成性，引起網友熱議。,75
2022年09月6日,龍龍6日再發影片回應網友提問，像是「老K的段子一點也不嚴重，妳在氣什麼？,76
2022年09月2日,一、未針對「公開美髮師」IG回應龍龍2日在IG上傳一則限時動態，公開一名髮型師批評她的私訊，讓該名髮型師的個資全曝光，導致「龍粉」們湧入該髮型師的帳號，更出征到美髮師的店裡，讓這名髮型師不得不道歉、更改帳號名稱。,76
2022年09月2日,（圖／翻攝自鄭家純臉書）脫口秀演員龍龍與薩泰爾成員老Ｋ之間的「言語霸凌」事件持續延燒，男方2日發布影片說明，卻堅持不向女方道歉，並稱對方是「喜劇圈毒瘤」，雙方糾紛越演越烈。,78
2022年09月1日,藝人雞排妹鄭家純1日開始也加入戰局，除在臉書發文嘲諷薩泰爾的作法，也分享自己過去被開不當玩笑的經歷。,78
2022年09月1日,鄭家純1日在臉書發文「當你和一間公司的代表說：『請像個大人負起該負的責任。,78
2022年09月25日,娛樂頭條2021.10.07 09:22 臺北時間龍龍與老K的霸凌爭議延燒整個喜劇圈，多日未發聲的龍龍昨（6）日晚間在臉書上傳影片，解釋近來針對她的種種質疑；,79
2022年09月25日,龍龍昨晚間於臉書貼出澄清影片，表示這幾天帶來負能量相當抱歉，感謝粉絲與公司陪她度過艱難的時期，整件事的溝通過程跟共事時的相處細節，薩泰爾娛樂所屬員工跟她各自有不同的解讀，導致事件陷入口水戰，她身為當事人雖然無力重複傷痛，但仍覺得有責任解釋清楚，因此決定拍片回應相關疑點。,79
2022年09月26日,龍龍回應，因為老K實際演出的內容跟當初的腳本完全不一樣，假如老K今天沒有違約，博恩也不需要道歉。,79
2022年09月5日,而有關此事大鵰博士5日也有在「老男孩直播」提及，不過大鵰博士當時的說法是認為自己只是想跟龍龍表達友善。,79
2022年5月7日,龍龍表示，當老K在《炎上》依舊說出前男友段子後，博恩5月7日曾回應她稱會對老K進行懲處，包括取消他的演出費用以及停止老K在薩泰爾的無限期露出，然而距離博恩承諾會懲處不到一個月的時間，老K卻仍出現在薩泰爾的新片中。,79
2022年9月,直到老K上了「老男孩直播」後，9月底龍龍再度找上博恩問話，博恩承諾會改善也想要改變喜劇圈長期霸凌的現象,79
2022年10月2日,孰料10月2日博恩上傳的影片中，卻在「護航」長期霸凌她的老K，讓她覺得受騙。,79
2022年09月3日,而她之前表示從正式登台至今，單口喜劇的稿子都是自己寫的，3日卻在回應中提到「沒聲稱我的本是自己寫的」，遭質疑雙重標準。,80
2022年09月2日,（圖／翻攝自Facebook／龍龍的沒梗人生）龍龍因不滿呱吉評論自己與老K的紛爭，日前發文怒嗆對方是「需要寫手寫稿的外行人」，並表示自己「從正式登台演出到現在7年，單口喜劇的稿子都是自己寫的」，然而2日卻又被老K爆料，她在《炎上》的演出其實是找來4位寫手幫忙的，遭批說謊成性，引起網友熱議。,80
2021年,」►龍龍長文槓網友「當被害者真的好辛苦」 去年發言遭翻曝真相：噁心►以大嘴巴奪2金曲！,80
2022年,事實上，兄弟比賽前半段苦無攻勢，周思齊直言，味全龍今年投手群成長幅度大，以往對決王玉譜，也是較為苦手，「以前要閃他球，現在幾乎都是被他K掉。,81
2022年,」味全龍總教練葉君璋「小葉再生工廠」擦亮招牌，小葉有料、小葉靠譜，周思齊直言，此役雖然從王玉譜手中擊出關鍵安，但今年也看出對方的進步，控球能力提升許多，「剛好是設定的球，有飄一點，就決定出手攻擊。,81
2022年09月7日,記者劉宛欣／綜合報導脫口秀女星「龍龍」控訴遭薩泰爾班底「老K」霸凌，並拍片哭著回應網路上的質疑，不料7日被鄭家純（雞排妹）直播爆出她改口聲稱「記錯了」，氣得公司馬上宣布解約，主播張雅琴在播報相關報導時，便無奈直呼「你們這一整個局在演什麼，是大家都要吵這個聲量，大家都要有知名度嗎？,82
1800年,（圖／翻攝龍龍、博恩、老K、鄭家純臉書）張雅琴在《1800年代晚報》講述了「龍K之亂」的過程，對於整件事相當無奈，不懂薩泰爾的老闆博恩為何要落淚拍片、處置老K：「你們當時如果有影片，知道他（老K）沒說這事情，幹嘛還讓這個事情炒這麼久，你就出來講，錄影帶公布就好了啊！,82
2022年09月25日,娛樂頭條2021.10.06 15:15 臺北時間龍龍與老K的霸凌爭議持續延燒，而日前在「老男孩直播」中，接著老K的話脫口而出「被賀瓏X過，所以整個個性扭曲了」的喜劇演員東區德，昨（5日）再度重啟「老男孩直播」，並就他當時的言論造成有人不愉快致歉。,84
2022年09月3日,甚至3日還在臉書發文預告重啟「老男孩直播」，並引用龍龍說過的話「最快樂的極端值」當slogan。,84
2022年09月5日,而5日晚間東區德如時打開直播，不過一改回覆網友留言的嗆辣作風，開頭就對於龍龍霸凌爭議提出看法稱，他當時之所以說出那句有爭議的話，是想要重複確認老K當時說的話，有點像是「換句話說」的感覺。,84
2022年09月26日,大鵰博士則稱，薩泰爾跟龍龍不是第一天認識，他們早就知道龍龍的個性，所以竟然決定找龍龍參加，那麼龍龍今天會有此反應，他們也該負責。,84
2022年09月4日,金鐘紅毯主持人黃豪平同為喜劇演員出身，他4日也對於「龍K之亂」造成的現象分享自己的想法，認為「『幽默』不等於不能嘲諷任何人事物」。,85
2022年09月4日,（圖／翻攝自龍龍、黃豪平、老K臉書）黃豪平4日在臉書PO文，以籃球明星詹姆斯（LeBron Raymone James Sr.）作為比喻，說道：「想像一下如果LBJ被球迷指點『什麼叫做打籃球』，會是多可笑的一件事？,85
2012年,（圖／翻攝自黃豪平臉書）事實上，黃豪平除了是主持人，同時也是喜劇演員，他在2012年參加第一屆《超級模王大道》，獲得第七名正式出道，進入演藝圈後，也持續參與喜劇脫口秀的演出,85
2022年,今年還舉辦了個人脫口秀演出《黃豪平脫口秀：Ha Ha Land》。,85
2022年09月26日,眼看龍龍與老K的爭議越演越烈，博恩也在今日透過影片的方式，還原整起事件的過程，並公布雙方之間所有的對話紀錄。,86
2022年09月26日,所以今天就變成這樣，就是老K你禮拜一到公司把門禁處理一下…,86
2022年09月26日,在影片的尾聲，博恩也再度強調，他真的從頭到尾都知道自己有錯、也想要道歉，「可是我今天被對方抹得形象是我一直想要迴避問題、死不道歉」，才會讓他決定出來澄清，並把所有的對話紀錄放在網路上，「讓你們看我從頭到尾是積極還是不積極？,86
2022年09月25日,image source: FB／龍龍的沒梗人生、這是老Ｋ That's Old Kay文/林思邑脫口秀演員龍龍控告老K霸凌事件持續延燒，老K爆料龍龍其實在《炎上》的演出是找寫手來幫忙，打臉她稿子都是自己寫的言論，對此龍龍在昨（3）表示「沒聲稱我的本是自己寫的」並表示她嗆呱吉有講自己是「單口喜劇（stand up comedy）因此和老K說的《炎上》「火烤（Roast）」節目形式不同。,87
2022年09月26日,賀瓏終於在今（5日）天發文提出3點聲明。,88
2022年,2022年世錦賽女單項目爆出大冷門，泰國「一姐」Ratchanok Intanon面對加拿大好手李文珊陷入苦戰，在打了3局之後以23:25、21:16、13:21遭到淘汰，無緣進入8強。,89
今日,更多 NOWnews 今日新聞 報導CBA／綠軍巨人Fall轉戰亞洲 和新疆隊簽下一年合約NBA／徹底轉型小球內線？,89
2022年09月3日,（圖／翻攝自龍龍IG、How Fun 如何爽臉書、阿K臉書）HowHow於3日透過臉書發文，分享公司群組對話，兩個星期前都還是充斥著wwww和燦笑，但是現在大家無論講什麼，都只會回「OKOK」表情圖示。,90
2022年09月3日,」喬瑟夫3日更新的影片，加入「OK」元素，也被網友宣布加入戰局。,90
2022年09月3日,（圖／翻攝自臉書／謝和弦）▲喬瑟夫3日更新的影片，加入「OK」元素。,90
2022年09月3日,而近日同樣是喜劇演員的黃豪平3日釋出的影片也成為話題，也有參與《炎上》的藝人熊熊就透露，其實龍龍曾打電話給自己稱「我是你我不會去」。,91
"2022年09月4,","一旁的黃豪平也表示因為罵別人的時候台下4,000名觀眾會為自己鼓掌，有點像「帶著愛互相攻擊」。",91
2022年09月26日,對此，老K也在今日發文酸龍龍，「雖然我們也不是什麼咖，多少算半個公眾人物好了，隔空互罵也無所謂，但你去把網友私訊公開讓你的粉絲在那邊公審，去鬧到人家工作場合，這還不是大欺小什麼是大欺小？,93
2022年09月25日,記者許逸群／台北報導脫口秀演員龍龍昨（6日）晚間發布影片回應近期與博恩「薩泰爾」員工老K等人的紛爭。,95
2022年09月26日,雖然網友看法不一，不過與她認識8、9年的前《大學生了沒》班底High咖（邱志恒）現身留言，「今天發生的這些，我真的不清楚，但我絕對不會因此抹煞了她的努力、她的貢獻，她也依舊是我認識的那個龍龍。,95
2022年09月26日,」他希望這一切能夠畫作喜劇的養分，「或許今天的當事人們，在未來成為一代笑匠時，都能笑談十年前的這一切，加油！,95
2022年09月2日,「龍Ｋ之亂」持續，也有越來越多人被牽扯其中，龍龍2日在IG上傳一則限時動態，公開一名髮型師批評她的私訊，讓該名髮型師的個資全曝光，並寫著「我猜又要被說，藉著聲量大，說話大聲了」。,96
2022年09月28日,記者田暐瑋／綜合報導威爾史密斯在台灣時間28日舉辦的第94屆奧斯卡典禮上，因為頒獎人克里斯洛克（Chris Rock）開了愛妻光頭的玩笑，憤而衝上台揍人，引發全球熱議，台灣網友幾乎一面倒力挺威爾史密斯，但曾和龍龍鬧翻的脫口秀諧星演員老K則逆風發文，讚賞克里斯洛克在遭到攻擊後依舊完成頒獎，掀起兩派聲浪討論。,97
2021年,龍龍疑似經由此事，聯想到自己去年遭老K「脫稿演出的霸凌」，在FB寫下「當初應該衝上台揍一拳的，大家就會說『好帥，真女拳』」。,98
2022年09月26日,對此，陳沂今(29日)凌晨在FB開嗆，直言博恩、龍龍在蹭「世界級」新聞熱度，狠批博恩的地獄梗「很難笑」，也開罵龍龍自比為受害人的行爲「丟臉至極」。,98
2022年,文：顏婕儒爾後提起2022年的奧斯卡頒獎典禮，會被回想起的可能不再是獎落誰家，而是頒獎時發生的驚人一幕——威爾史密斯（Will Smith）上台賞了克里斯洛克（Chris Rock）一巴掌。,99
2022年09月26日,我認為克里斯洛克今後應該也會謹言慎行，只開沒有雙臂的人的玩笑。,99
2022年09月26日,要如何在促進公眾討論之餘兼顧不肆意審判，是當今網路發達的世代應該去面對的問題。,99
2020年,事實上，2020年永慶廣告「真房價保證－退休老伯伯賣屋」，也是改編自真實消費者受害故事，訴說黑心仲介刻意拿附近較低的成交行情誤導，導致退休老伯伯低價賤賣房屋給投機客，而投機客很快再轉手高價賣出，短期內低買高賣賺差價，損害買賣方權益的案例。,99
2020年,2020年「真房價保證－退休老伯伯賣屋」篇播出後，確實曾有部分同業要求永慶下架廣告不准再播。,99
2022年,永慶房屋今年首創「一年內成交再上市地圖」，大膽曝光雙北市各行政區正在交易中、短期重複上市的物件數量，提醒消費者買賣屋時優先參考永慶的誠實房價報告書，以避免消費者以不合理的價格買房，成為炒房下的受害者。,99
2022年09月26日,（合成畫面／取自鄭家純、龍龍臉書）脫口秀演員龍龍控訴長期遭到老K霸凌事件，風向一變再變，如今已成為一場鬧劇。,100
2022年09月12日,」龍龍12日晚上在臉書發1800多字長文。,100
2022年09月26日,」龍龍也向粉絲、觀眾、喜劇圈、台北市議員「呱吉」邱威傑、百靈果主持人凱莉等人致歉，表示自己應該用更智慧的方式處理，而不是搞到如今這種血流成河的局面。,100
2022年09月12日,而龍龍12日在臉書首度發聲道歉，同時喊話鄭家純：「希望妳最後給我擁抱是真的。,102
2022年09月12日,（圖／翻攝龍龍、博恩、老k臉書）龍龍12日在臉書發文道歉，表示自己在風波發聲後就很混亂，完全不知道該怎麼處理，過程中也做了一些不理智的決定，「整件事情處理的過程中我處於很矛盾的情緒，既委屈又想為自己打抱不平，哭完就開噴，噴完又回去哭。,102
2022年9月30日,從龍龍9月30日接受《蘋果新聞網》專訪至今半個月，劇情、人物立場之翻轉千迴百折、荒誕媲美韓劇《上流戰爭（Penthous）》，其中吸引我的5個字叫「我們喜劇圈」。,106
2022年09月12日,沈寂多日的龍龍，12日晚間打破沉默，發文向被她公布IG帳號的美髮師、老K、薩泰爾等人與單位道歉。,106
2022年09月12日,眼淚、裝乖、扮演受害者這些她慣用的方式，依然出現在12日的道歉文中：「這一週我幾乎每天在掉淚，朋友安慰我時，我一邊哭一邊卻還是忍不住硬要丟笑話出來。,106
2022年09月26日,如今分眾市場中的意見領袖，除了要開與被開玩笑時自己和對方的底線，更要想想會對當事人以外的受眾造成什麼樣的影響。,106
2022年09月5日,東區德道歉了東區德5日在「老男孩直播#17 」邀請大鵰博士、六塊錢、仁頡、阿舜開直博暢談龍K之亂想法，東區德開頭9分鐘處解釋，當初直播形式很自由，彼此都不知道會講什麼，所以當他聽到老K表示性幻想對象是賀瓏，因為「是想要知道會不會是因為這樣，我們一直誤會那個人了，其實被X過，我也會變這樣」時，他想用比較誇張的言論確認，但造成他人舒服並非他的本意，東區德強調當時「心裡面是沒有主詞的」並不是真心想要攻擊特定人士，對造成不舒服的人感到抱歉。,108
2022年09月25日,記者古靜兒／綜合報導好萊塢影星威爾史密斯（Will Smith）昨（28）日在奧斯卡頒獎典禮上，怒甩嘲諷愛妻潔達蘋姬史密斯（Jada Pinkett Smith）的頒獎人克里斯洛克（Chris Rock）一巴掌，不只造就了該屆典禮的最高收視率，也讓隨後拿下影帝殊榮的他成了眾矢之的，並成為了全球熱議焦點。,109
2022年09月25日,龍龍昨日在臉書上發文寫道：「可惡，我真的要好好反省。,109
２００５年,本來的桃林鐵路屬於台鐵支線，功能是載運燃煤到林口發電廠，２００５年沿線增設簡易車站載運旅客，每天早晚一班車,110
２０１２年,但因載運量不高於２０１２年廢止。,110
1938年,桃園神社原為1938年落成，日治時期結束後，改為新竹縣忠烈祠,110
1950年,1950年設桃園縣，又改為桃園縣忠烈祠,110
1985年,本來要在1985年時拆除而獲得保留，現在是市定古蹟，算是台灣保留最完整的神社。,110
2022年09月２號,往前直走向天梯的，可以直接通往停機坪，是捷徑，往右走土路往龜山２號涼亭，則是繞遠路去停機坪，踏上窄陡樓梯沒幾步，看一下地圖發現不對～這樣會漏掉龜崙山。,110
2022年09月２號,往龜山２號涼亭這段路平緩寬敞又舒服，算是高級路段。,110
2022年09月６號,１２：２４ 走一段日曬的黃土小石子陡坡，來到高點的龜山６號亭，就在亭子午餐了。,110
2022年09月26日,我們說今天在虎頭山繞來繞去，這顆主峰一定要摸到。,110
2022年09月25日,image source：FB/龍龍的沒梗人生、呱吉文/林思邑台北市議員兼YouTuber的呱吉（邱威傑）在昨（30）日的直播中談到，因為許多人問他對於先前喜劇演員老K與龍龍兩人的事件，所以來講述一些自己個人的看法。,111
2022年09月25日,喜劇圈「龍K之亂」持續延燒，繼博恩拍影片「揮淚斬馬謖」讓老K無限期留職停薪之後，和龍龍所屬同一經紀公司的「雞排妹」鄭家純昨（7）日突開直播痛批龍龍欺騙，宣布和她終止合約，風向遽變讓人摸不著頭緒，台大電機工程學系教授葉丙成則在臉書發文笑說，這起事件後最大的收穫就是台灣人終於知道馬謖的「謖」怎麼念了。,112
2022年09月7日,眼看事情告一個段落，沒想到原本挺龍龍的鄭家純，7日卻突然開直播「屠龍」，宣布公司與龍龍解約，揭露她在聲明影片中假哭、欺騙等行為，讓風向瞬間大逆轉，許多網友看完也紛紛湧入薩泰爾臉書，留言要求博恩「該把馬謖的頭接回去啦！,112
2022年09月７日,image source:FB/鄭家純、這是老Ｋ That's Old Kay、凱莉蹲下去文/徐暘甯「龍Ｋ之亂」風波延燒近一週，又有最新發展，原本力挺龍龍的的經紀公司和藝人鄭家純（雞排妹），７日晚間在鄭家純的粉絲專頁貼出與龍龍的合約終止通知，並開直播「屠龍」，使得網路輿論風向瞬間大改。,113
2022年09月６日,鄭家純在直播中不僅爆料龍龍６日聲淚俱下的影片是「假哭」，怒轟她說謊、到處開戰，最後發現當初老Ｋ在炎上演出現場根本沒說過「前男友」三個字時，也只淡淡留下一句「我記錯了」，這才成為雙方撕破臉的關鍵導火線。,113
2022年09月25日,凱莉、黃豪平、呱吉合體直播回應而昨（７）日鄭家純在直播中還提及自己曾為龍龍而對Podcast節目《百靈果News》主持人凱莉不滿，直指凱莉曾有對不起龍龍的事。,113
2021年,對此，凱莉則在YouTube直播說明，鄭家純說的是去年初她與龍龍的合體演出計畫，當時因為新冠疫情爆發，為了不讓粉絲承受染疫風險，所以凱莉選擇退出；,113
2022年09月26日,記者許逸群／台北報導脫口秀演員龍龍今（6日）晚間發聲明回應近日與老K的事件，淚訴：「我從頭到尾只是需要一個老K的道歉，真的有那麼難嗎？,114
2022年4月7號,4月7號，薩泰爾的股東Hauer來跟我邀演，關於炎上這一場演出，我當時答應參加演出的條件就是，老K該不會在台上硬要提賀瓏的事情吧？,114
2022年4月16號,當時Hauer跟博恩都答應我，說不會提，所以我參加演出，然後後來在寫稿的時候，我不停地在稿子裡面看到有相關的內容，於是我就在4月16號,114
2022年09月17號,17號,114
2022年09月24號,24號，這3天分別都有向博恩提出要刪掉稿子內容，他都答應了，但是演出當天，儘管在彩排的時候，老K並沒有講，所以我就放心了，但沒有想到他在演出當下是脫稿演出，在4000多人的面前，直接把這個應該被刪掉的段子講出來。,114
2022年10月2號,10月2號博恩在影片裡面有說到，長期被霸凌這件事情已經不是一兩天的事情，而是好幾年的事情。,114
2022年8月31號,甚至是8月31號，老男孩直播完之後，有人說啊，他們是代稱Jim嗎？,114
2022年4月7號,4月7號，薩泰爾的Hauer來邀演，我唯一的參加條件就是不要再提到賀瓏了，因為我不知道他們會在台上又講出什麼，天線寶寶在做愛、還是其他我難以接受的笑話。,114
2022年5月1號,那5月1號當天他要脫稿演出之後呢，我馬上就到後台去反應，那Hauer跟博恩以及窗口都有跟我道歉，並且承諾會檢討這件事情。,114
2022年5月3號,5月3號，博恩沒有回應。,114
2022年5月5號,5月5號，博恩還是沒有回應。,114
2022年5月7號,5月7號的時候，博恩回應我說，他們會對老K進行懲處，會取消他這次的演出費用，以及停止他在薩泰爾的無限期露出。,114
2022年9月9號,但是後來又出現老男孩直播，9月9號的時候，我跑去跟博恩當面討論這件事情，他承諾我他想要改善喜劇圈，長期以來霸凌的風氣,114
2022年10月2號,然後他在10月2號最新的影片裡面，卻是哭著疼惜霸凌我的老K，所以這一段時間以來博恩一直答應我他做不到的事情，一直承諾，然後最後又騙我，最後又說謊，所以整件事情當然跟博恩還有薩泰爾有關啊。,114
2022年10月1號,是因為10月1號我的貼文呱吉那一篇文的最後一段，我說這長達7年來，我寫單口喜劇都是靠我自己沒有寫手，也許我的用字不精準，但是我絕對沒有說謊，因為單口喜劇是指Stand Up Comedy，這7年來一字一句全部都是我寫的，但是火烤是Roast的形式，這兩者有本質上面的差異，老K明明就知道這件事情，卻惡意要帶風向，所以我並沒有說謊，說謊人是他。,114
2021年,這是一個職場霸凌的性羞辱事件，跟女不女權完全沒有關係，那關於雙標的部分，有人挖出我去年的影片，裡面內容提到，每個人的底線不一樣，因為你開不起玩笑，或是你不覺得這個好笑，而我不能開玩笑，但是他們在直播裡面公然講的是性羞辱、是欺負，是污辱，它跟玩笑一點關係都沒有，也一點都不好笑，我長年來一直接受這樣子惡意攻擊，我並不覺得這是一件開玩笑。,114
2022年9月9號,剛剛提到的9月9號。,114
2022年9月10號,9月10號，博恩他擬的初稿給我，但那個初稿裡面，完全沒有道歉。,114
2022年9月11號,9月11號，我回覆了關於這個道歉聲明，我有諸多的不滿以及需要調整的地方。,114
2022年09月12號,12號他沒有回我,114
2022年09月13號,到了13號傍晚他才回應我。,114
2022年9月14號,所以9月14號博恩再次問我，他們薩泰爾只會對這次的事件表達一次的對外發表，座談會是你要的方式嗎？,114
2022年09月26日,老K今天雖然沒有道歉，但不代表這整件事情沒有意義。,114
2022年09月7日,（圖／翻攝老K、龍龍臉書）記者閔文昱／綜合報導脫口秀演員龍龍控訴被薩泰爾班底老K言語霸凌，話題延燒多日，原本挺龍龍的鄭家純（雞排妹），7日突然宣布雙方解約，在直播上演斬龍後風向大逆轉，讓許多網友紛紛湧入薩泰爾臉書粉專留言，向之前「揮淚斬馬謖」的博恩喊話「該把馬謖的頭接回去啦！,115
2022年09月6日,但隨著雞排妹開「屠龍」直播批評龍龍利用公司的善心，來達成自己的目的，還爆料龍龍6日「聲淚俱下」的反擊影片是set好的，風向也跟著整個大逆轉。,115
2022年09月26日,記者郭采縈／綜合報導喜劇演員龍龍先前經歷和老K的風波，引起外界兩極評價，如今調適心情後重新出發，不改搞笑作風，時常在社群和網友分享生活。,116
2022年09月26日,」對此，同為喜劇演員出身的黃豪平，今（10日）在《ETtoday星光雲》相關報導底下親自留言，直接向張雅琴喊話並做出回應，坦言真心希望這是一齣戲：「可惜不是……。,117
2022年09月26日,（圖／翻攝自Facebook／《ETtoday星光雲》、黃豪平）本站今報導《批「龍K之亂」是演的！,117
1800年,（圖／翻攝龍龍、博恩、老K、鄭家純臉書）對此，張雅琴近日在《1800年代晚報》講述了「龍K之亂」的過程，質疑薩泰爾的老闆博恩為何要落淚拍片、處置老K：「你們當時如果有影片，知道他（老K）沒說這事情，幹嘛還讓這個事情炒這麼久，你就出來講，錄影帶公布就好了啊！,117
2022年09月25日,（圖／翻攝自鄭家純臉書）鄭家純昨晚突然發文寫道：「阿純近況：懷孕初期。,118
2022年09月25日,（圖／翻攝自鄭家純臉書）有趣的是，鄭家純昨晚發文「報喜」後，雖然立刻解釋是「新事業寶寶」並非真的懷孕，但仍有不少網友會錯意，她隨即在留言區幽默表示：「不要擔心，剛看完《俗女》第二季＋《安眠書店》第三季的我，被嚇到排卵可能有問題。,118
2022年09月5日,文／閻芝霖「龍K之亂」讓台灣喜劇圈掀起風暴，身為「當事人之一」也就是龍龍前男友的賀瓏在5日下午終於發聲，3點聲明雖然都未針對事件本身說明，但幽默回應讓許多網友直喊「我瓏粉我驕傲」。,121
2022年,3點聲明網讚圈粉：很有風度龍K之戰爆出至今已過了一週的時間，根據《KEYPO大數據關鍵引擎》，龍龍、老K、博恩的聲量都創下今年新高,121
2022年09月5日,身為「當事人之一」的賀瓏儘管在5日才首度發聲，但先前不斷被提到的他，聲量也來到新高11348筆，賀瓏列三點聲明表示：「一、我的「瓏」有玉字旁，瓏子的「瓏」也有玉字旁；,121
2020年10月06日,分析說明分析區間：本文分析時間範圍為2020年10月06日至,121
2021年10月05日,2021年10月05日。,121
2022年09月25日,娛樂頭條2021.10.05 10:24 臺北時間脫口秀演員龍龍與老K的《炎上》霸凌爭議越演越烈，雙方都有各自擁護的支持者，而同樣也是喜劇演員出身的藝人黃豪平，昨（4）日則在臉書發文提問：「為什麼會出現一堆人來指點現在每週在俱樂部磨練技藝的人『什麼叫幽默』？,122
2022年09月25日,黃豪平疑似對於近日龍龍與老K牽涉的「玩笑議題」有感而發，昨日在臉書發文提出自身看法道，就如同試著設想，如果有球迷指點「詹皇」LBJ（LeBron James）打球會是多可笑的一件事情一樣，他不解「為什麼會出現一堆人來指點現在每週在俱樂部磨練技藝的人『什麼叫幽默』？,122
2016年,保守派色彩濃烈的作家安‧庫爾2016年曾參加「火烤喜劇中心」演出，那回她成了被羞辱最慘的一人。,123
2016年,事實上吐槽表演始祖美國在2016年也有過類似情況。,123
2022年09月26日,但那回演出，觀眾反應就像另一名參賽者說的「作為一名女權主義者，我不能支持今晚在這說的一切，作為一個討厭安的人,123
2022年09月26日,今晚我很開心。,123
2022年09月26日,就像過去，一個人敢把手指頭插到大官照片裡的眼睛就是一種大膽挑釁，今天，這便純粹屬於稚嫩的反權威行為。,123
2022年09月7日,記者古靜兒／綜合報導脫口秀網紅龍龍（林千聿）和博恩公司遭到薩泰爾娛樂《炎上》脫口秀同事「老K」言語霸凌事件鬧得沸沸揚揚，不料風向竟在一晚倒戈，原本力挺龍龍的鄭家純（雞排妹）7日晚間開直播拋下「屠龍」震撼彈，不僅爆出龍龍的哭訴影片內容造假，且還發現薩泰爾日前調出脫口秀現場影片內容與龍龍控訴的完全不同，而龍龍只回了一句「我記錯了」，氣得經紀公司宣佈將和龍龍終止合約。,124
2022年09月26日,根據《NOWnews今日新聞》報導，康姐坦言一開始是為了「終止職場霸凌」，不要讓「性羞辱」在脫口秀界歪風漸長，才會協助龍龍通過媒體發聲，且針對老K在《炎上》脫稿演出一事，她也認為，其老闆博恩願意公開認錯道歉就已達成訴求。,124
2022年10月,喜劇演員「龍龍」在10月爆出在網路脫口秀節目《炎上》被薩泰爾娛樂的班底「老K」公然霸凌，指控老K在《炎上》中脫稿演出嘲諷她與前男友賀瓏的關係，此事件在網上引起熱議，事隔兩個多月後，老K近日在臉書發文證實將脫離薩泰爾娛樂。,125
2022年10月,J條龍真是可怕」喜劇演員「龍龍」在10月爆出在網路脫口秀節目《炎上》被薩泰爾娛樂的班底希望有一天我們還會再一起創作更好的東西，薩泰爾，再見。,125
2022年10月,記者田暐瑋／綜合報導脫口秀演員龍龍與老K於10月初掀起「龍K之亂」造成喜劇圈大亂，事件發生後博恩要求老K道歉反遭拒絕，薩泰爾也決定「揮淚斬馬謖」，沒多久整件事大逆轉，龍龍成了眾矢之的，老K也一夕間成了「功臣」，原本以為老K將會重回薩泰爾，但事隔2個多月，老K仍宣布離開：「薩泰爾，再見！,126
2022年09月1日,」老K當時被懲處無限期停薪仍堅不道歉，之後雞排妹怒控龍龍說謊，讓整起事件出現逆轉，不少網友認為他是無辜的，公司應該要「把頭接回去」，怎料1日他在臉書無預警宣布：「現在我決定暫時告別去外面試試，薩泰爾再見。,126
2022年09月26日,也因為這段對話，龍龍雖然未出演該場演出，但後來也出現在現場，自己拿起麥克風表示「大家好我是龍龍，我今天讓大家猜有沒有聽到龍龍這兩個字，為什麼，因為一直有人覺得我的名字跟他重疊了，所以大家會搞混，那個人是誰，那個人就是我前男友賀瓏！,127
2022年,娛樂頭條2021.10.04 08:48 臺北時間脫口秀女王龍龍（林千聿）控訴遭薩泰爾娛樂《炎上》班底老K霸凌，事件持續延燒，除了龍龍過去脫口秀黑歷史遭挖出、被批真正的霸凌外，老K也被披露今年年初曾在節目上，拿藝人白冰冰女兒命案開地獄哏惡質玩笑，遭到大票網友一面倒砲轟。,128
2022年09月25日,由於老K過去拿白冰冰「最痛一塊」開玩笑，讓不少網友擔心白冰冰狀況，而昨（3日）晚白冰冰也恰巧發了氣度文「忍讓是氣度」，文中隻字未提老K名字，但這段話仍被外界視為是在回應此事，被讚氣度相當高，包含網紅四叉貓（劉宇）看了也轉發：「這大概是冰冰姐回應老Ｋ的一段話吧…。,128
2022年09月28日,喜劇演員龍龍也曾公開抗議被男性演員「藉玩笑羞辱」，28日看到威爾史密斯事件後，發文自嘲：「可惡，我真的要好好反省。,129
2021年9月,（圖／翻攝自臉書／龍龍的沒梗人生）龍龍在去年9月公開槓上「薩泰爾」班底老K，不滿對方在《炎上BURN》拿她和前男友賀瓏的往事開玩笑，加上後續得不到道歉反被酸，自認遭受「職場霸凌的性羞辱事件」。,129
2022年09月26日,她當時因為跳出來抗爭，經歷一番劇烈風波，雖得到部分網友支持但也得到許多罵聲，如今藉威爾史密斯事件自嘲：「當初應該衝上台揍一拳的，而不是躲起來哭，大家就會說『好帥！,129
2022年09月7日,他7日晚間開直播聊「地獄梗」話題，對於造成白冰冰的不舒服，坦然道歉：「讓她再次難過受傷，我真的對她感到抱歉。,130
2022年09月7日,」老K在7日晚上的直播中表示，已經看到白冰冰的回應，「讓她再次難過受傷，我真的對她感到抱歉。,130
2022年09月2日,▲博恩2日發布道歉影片。,131
2022年9月,）網搜小組／鄺郁庭報導「龍K之亂」從9月底延燒至今,131
2022年09月2日,身為「薩泰爾」創辦人的博恩2日發布道歉影片，為此紛爭落下男兒淚，無奈直呼「老K為什麼不道歉？,131
2022年09月7日,記者古靜兒／綜合報導脫口秀網紅龍龍（林千聿）和博恩公司遭到薩泰爾娛樂《炎上》脫口秀同事「老K」言語霸凌事件鬧得沸沸揚揚，雖然老K曾開直播向白冰冰、老闆博恩和涉事等人道歉，但卻未提及龍龍，不料「霸凌龍龍事件」的風向竟在一晚倒戈，原本力挺龍龍的鄭家純（雞排妹）7日晚間開直播拋下「屠龍」震撼彈，引起一片熱議。,132
2022年09月25日,對此，博恩昨（8）日也發出最新影片，只見影片中更出現他和老K出現在同一畫面，讓網友高呼：「馬謖可以回家了！,132
2022年09月7日,」脫口秀網紅龍龍日前淚控老K在《炎上》脫口秀上公開嘲笑她和前男友賀瓏，又指控他在脫口秀演員東區德的《老男孩直播》中嘲諷：「被賀瓏X過，所以整個個性變扭曲」，讓老K的老闆曾博恩不得不出面宣布給予留職停薪的懲處，未料這起風波延燒至今，卻爆出後者的不當言論其實出自於東區德之嘴，接著又爆出老K在脫口秀上也沒有提到「龍龍前男友」，讓原本力挺龍龍的鄭家純氣得在7日宣佈經紀公司將和龍龍終止合約，風向在一晚全倒戈。,132
2022年09月25日,[廣告-往下還有更多內容可看]不過，博恩卻在昨日於臉書、YouTube上PO出最新影片「【#狗屎寫手】賤葆化解貼圖事件的內幕！,132
2022年09月2日,雖然影片下方已特別備註「本影片於2021.09.16拍攝」，也就是博恩2日發佈「還原龍K之亂始末」影片前所拍攝，不過影片中的3人有說有笑，博恩和老K默契十足、一搭一唱的畫面，也引起網友熱烈討論。,132
2021年,我是廣告 請繼續往下閱讀去年的「吐槽大會—呱吉無法擋」的火烤大會中，黃豪平提及因凱莉臨時代替龍龍參賽，沒有準備跟她相關的內容，所以腳本直接把龍龍名字全都改成凱莉，後來他在台上一句「賀瓏，凱莉不要的」，引發哄堂大笑，因為這句話就是暗指龍龍,133
2022年09月26日,如今爆發老K與龍龍的事件，網友才驚呼「原來一年前的梗是這個」！,133
2022年09月10日,有網友在臉書「靠北現場喜劇2.0」粉絲頁爆料，說黃豪平因此事跟龍龍吵架，當天在後台下跪道歉，事後東區德還拿此當笑料，要他「少惹十二生肖」，他10日在該留言底下澄清「繪聲繪影講成我道歉的時候下跪，我不提，但闢謠可以吧」，黃豪平說，當天呱吉火烤大會結束後，當事人上台，他順勢做出下跪的動作，表達歉意而已，但也是故意誇大，只是一個歡樂效果，沒有外傳的如此隆重。,133
2022年09月7日,（圖／翻攝自FACEBOOK／凱莉蹲下去）鄭家純7日直播切割龍龍，大爆對方假哭、根本記錯炎上時老K演出的內容等等狀況,134
2022年09月25日,沒想到其中突然提到百靈果的凱莉：「昨天還前天老男孩直播贊助商是百靈果的凱莉，我那時候還幫她（龍龍）生氣喔！,134
2021年,」百靈果也在鄭家純直播後以「炎上燒不盡，凱莉躺槍哭哭」為題開YouTube直播，凱莉澄清自己沒有欺負龍龍，而且在鄭家純講出那段話的時候，還同步收到龍龍的私訊：「去年年初我們有合演，可是因為疫情大爆發，然後我不希望演，因為百靈果比較像一個媒體的角色，我覺得那時候越來越緊張不應該演，可是龍龍覺得只要符合防疫規範才對得起自己粉絲。,134
2022年4月15日,記者黃庠棻／綜合報導歌手謝和弦（阿扣）在4月15日34歲生日這天和莉婭登記結婚，更甜蜜告白「這是最好的生日禮物」，夫妻倆現在也為了演藝事業努力打拚，時常能在他們的社群平台看見彼此的身影,135
2022年09月12日,怎料莉婭12日在脫口秀演員龍龍的道歉文底下力挺，卻遭到撻伐「蹭熱度」，引起熱議。,135
2022年4月,▲謝和弦和莉婭在4月結婚。,135
2022年09月12日,（圖／攝自Facebook／莉婭）脫口秀女星「龍龍」日前控訴遭薩泰爾班底「老K」霸凌，沒想到演變到後來成為與雞排妹（鄭家純）的口舌之戰，對方直播爆出她改口聲稱「記錯了」，氣得公司馬上宣布解約，而她則是在12日下午發出長文道歉，喊話對方「希望妳最後給我擁抱是真的。,135
2022年09月12日,」▲龍龍與雞排妹槓上，12日發出長文解釋。,135
1959年,中國科幻片開山作《兩傻大鬧太空》(1959年)王晶老竇王天林導演,136
1959年,早於1959年，已構思出兩傻闖太空。,136
1975年,香港影史唯一特攝片《中國超人》 (1975年)七十年代，因為日本的《幪面超人》瘋魔亞洲，邵氏的蔡瀾即找來倪匡編劇、華山導演，李修賢領銜主演的特攝電影《中國超人》，卻開創中國影史上第一部超級英雄電影。,136
1983年,充滿二創的《星際鈍胎》(1983年)章國明導演的《星際鈍胎》，匯集當時一班影壇精英，包括徐克、程小東、陳嘉上、文雋等人。,136
1983年,Cult片經典《打擂台》(1983年)產量不多的「禽類導演」黃志強，當年以極低成本拍下一代cult片《打擂台》，據悉本是一套擂台技擊片，中途停拍後，復拍時黃志強將空間設在未來，片中出現大量末世符號，如廢墟、防毒面罩、Punk仔、納粹標誌等，加上拍攝色tone陰暗，配合沈聖德的電子配樂，令全片彌漫著一片末世未來感。,136
1987年,以科學角度解釋傳說的《衛斯理傳奇》(1987年)由泰迪羅賓執導的《衛斯理傳奇》，改篇倪匡筆下科幻作品《天外金球》，於尼泊爾拍外景時，差點令男主角許冠傑喪命而轟動一時。,136
1988年,港產Robocop《鐵甲無敵瑪利亞》(1988年)徐克監製、鍾志文執導的《鐵甲無敵瑪利亞》，葉蒨文一人分飾演黑幫惡女瑪利亞，以及女機械人「先鋒二號」，大戰「英雄黨」首個武裝機械人「先鋒一號」。,136
1997年,模仿《X-File》的《天地雄心》(1997年)故事背景設定於未來的《天地雄心》，導演陳嘉上非常用心想拍一部港版《X-File》，雖然標榜高科技科幻題材，在冇錢冇時間下，顯得這部科幻電影非常尷尬，科幻味不足、懸疑味又不夠濃郁。,136
2009年,土炮《變形金剛》失敗作《機器俠》(2009年)劉鎮偉導演嘗試科幻題材拍《機器俠》。,136
2022年09月26日,廣告小妹（凡槿）今（8日）以6點總結龍K之亂的感想的同時，宣布了懷孕的好消息！,138
2022年09月26日,（圖／翻攝自FACEBOOK／廣告小妹）廣告小妹今天發文第一句就說「請眾卿原諒孕婦」，直接宣布懷孕的好消息，這陣子孕吐也很嚴重：「除了虐殺老公和抱著馬桶吐之外，我沒別的事情做。,138
2022年09月2日,image source: STR Network文／閻芝霖龍K大戰越演越烈，薩泰爾負責人曾博恩2日發影片解釋來龍去脈，其中以「揮淚斬馬謖（ㄙㄨˋ）」一段歷史典故來形容自己對處分愛將老K的不捨，吸引超過1百萬觀看數，影片衝到發燒第3，也讓許多網友好奇這段歷史故事，究竟馬謖是做了什麼罪不可赦的事情，讓諸葛亮有了這個決定。,139
2139年,根據《三立新聞網》報導，在《三國演義》中有段「諸葛亮揮淚斬馬謖」的動人故事，馬謖才氣過人是諸葛亮的愛將，但建興六年（228年），馬謖在諸葛亮北伐時，違背諸葛亮的作戰指令導致街亭失守，最終大敗收場，讓蜀軍敗走退回漢中，諸葛亮最後淚斬馬謖，以平息眾怒。,139
2021年3,《ETtoday》在此選出2021年3大「超ㄎㄧㄤ霸主」，來看看他們做了哪些事情，讓人如此印象深刻吧！,140
2022年2月,（圖／翻攝自Instagram／wen810615）罔腰懷孕變性網紅罔腰2月初在IG曬超音波照自爆懷孕，稱接受人體試驗，用腹腔讓胎兒著床，之後陸續PO出媽媽手冊、高醫檢驗單等證明，面對網友質疑，更是不客氣回嗆，連男友也跳出來幫腔，頓時掀起各界熱議。,140
2022年3月,然而就算如此，她仍頻頻發文，甚至又稱出血前往婦產科看診，直到3月，衛生局再度發聲明，宣布她已於調查過程中承認未懷孕、超音波等照片均非本人，正式戳破她謊言。,140
2022年8月,鄧佳華「FBI帥哥」鄧佳華8月在FB曬工作識別證，宣布進入「日月光集團」上班，怎料一個禮拜內光速離職，轉而進入某間電子廠工作，卻又遭公司開除，引來外界關注。,140
2021年,（圖／翻攝自Facebook／米卡米mikami）此外，鄧佳華自去年開始，頻頻在PO文中提及一位叫「宜軒」的女子，被挖出對方真實身分是親子台「香草姐姐」，他甚至上傳「哽咽落淚」、「自搧巴掌」等告白影片，造成對方莫大困擾，還放話將直接前往電視台堵人，事後對方宣布從親子台畢業。,140
2022年11月,而11月，鄧佳華斷然離開連千毅旗下，宣布進軍AV界，消息震撼眾人，為改變形象取藝名「真田弦一華」，由曾經不看好他的導演圤智雨（戲引子）操刀，千辛萬苦才找到對手女優孟若羽，但在開拍前一天，女優因不堪親友壓力臨陣辭演，最後由另名女優上陣代打完成拍攝。,140
2022年9月,雞排屠龍記脫口秀女星龍龍9月底哭訴遭薩泰爾班底老K霸凌，指控對方在演出時，脫稿嘲笑她和前男友賀瓏的關係，事情被對方老闆博恩冷處理，之後老K又在直播節目提到「是不是被賀瓏X過的人都這樣（性格扭曲）」，引爆喜劇圈「龍K之亂」，同公司師姐雞排妹（鄭家純）也發聲力挺，批薩泰爾「整間公司沒大人」。,140
